frame,t_unix,t_rel_s,lat,lon,alt_msl,rel_alt,roll,pitch,yaw
0,1783330741.109,0.000,42.1427386,-1.5878757,303.31,46.75,-6.40,-6.08,9.40
1,1783330741.209,0.100,42.1427440,-1.5878751,303.11,46.55,-6.30,-6.36,7.79
2,1783330741.309,0.200,42.1427463,-1.5878738,303.30,46.74,-6.19,-6.70,6.25
3,1783330741.409,0.300,42.1427515,-1.5878737,303.07,46.51,-6.10,-7.11,4.65
4,1783330741.509,0.400,42.1427546,-1.5878723,303.31,46.75,-6.03,-7.39,3.24
5,1783330741.609,0.500,42.1427602,-1.5878723,303.11,46.55,-5.97,-7.80,1.78
6,1783330741.709,0.600,42.1427631,-1.5878715,303.33,46.77,-5.81,-8.19,0.31
7,1783330741.809,0.700,42.1427679,-1.5878717,303.10,46.54,-5.65,-8.39,359.06
8,1783330741.909,0.800,42.1427707,-1.5878713,303.29,46.73,-5.48,-8.60,357.63
9,1783330742.009,0.900,42.1427737,-1.5878718,303.02,46.46,-5.42,-8.82,356.35
10,1783330742.109,1.000,42.1427802,-1.5878715,303.31,46.75,-5.29,-8.95,355.16
11,1783330742.209,1.100,42.1427858,-1.5878722,303.10,46.54,-5.18,-9.06,353.86
12,1783330742.309,1.200,42.1427897,-1.5878724,303.33,46.77,-5.15,-9.43,352.76
13,1783330742.409,1.300,42.1427952,-1.5878733,303.09,46.53,-5.01,-9.57,351.69
14,1783330742.509,1.400,42.1427992,-1.5878739,303.33,46.77,-4.65,-9.75,350.56
15,1783330742.609,1.500,42.1428056,-1.5878752,303.13,46.57,-4.30,-9.89,349.62
16,1783330742.709,1.600,42.1428092,-1.5878760,303.34,46.78,-3.74,-9.98,348.82
17,1783330742.809,1.700,42.1428146,-1.5878772,303.09,46.53,-3.08,-10.10,348.12
18,1783330742.909,1.800,42.1428185,-1.5878783,303.29,46.73,-2.32,-10.04,347.46
19,1783330743.009,1.900,42.1428249,-1.5878799,303.10,46.54,-1.53,-10.37,346.94
20,1783330743.109,2.000,42.1428294,-1.5878814,303.32,46.76,-0.78,-10.25,346.54
21,1783330743.209,2.100,42.1428353,-1.5878830,303.09,46.53,-0.03,-10.51,346.27
22,1783330743.309,2.200,42.1428396,-1.5878844,303.29,46.73,0.62,-10.60,346.16
23,1783330743.409,2.300,42.1428469,-1.5878866,303.12,46.56,1.24,-10.68,346.09
24,1783330743.509,2.400,42.1428509,-1.5878880,303.31,46.75,1.70,-10.89,346.03
25,1783330743.609,2.500,42.1428582,-1.5878902,303.10,46.54,1.99,-10.85,346.04
26,1783330743.709,2.600,42.1428623,-1.5878916,303.29,46.73,2.07,-10.93,346.07
27,1783330743.809,2.700,42.1428699,-1.5878939,303.08,46.52,2.04,-10.79,346.15
28,1783330743.909,2.800,42.1428740,-1.5878953,303.28,46.72,1.85,-10.85,346.28
29,1783330744.009,2.900,42.1428801,-1.5878969,302.79,46.23,1.64,-10.84,346.40
30,1783330744.109,3.000,42.1428851,-1.5878987,303.25,46.69,1.48,-10.93,346.38
31,1783330744.209,3.100,42.1428939,-1.5879013,303.07,46.51,1.24,-11.28,346.45
32,1783330744.309,3.200,42.1428983,-1.5879027,303.29,46.73,1.01,-11.19,346.47
33,1783330744.409,3.300,42.1429065,-1.5879050,303.06,46.50,0.80,-11.07,346.51
34,1783330744.509,3.400,42.1429110,-1.5879065,303.28,46.72,0.65,-10.66,346.62
35,1783330744.609,3.500,42.1429191,-1.5879089,303.06,46.50,0.56,-10.27,346.56
36,1783330744.709,3.600,42.1429238,-1.5879104,303.29,46.73,0.58,-9.69,346.65
37,1783330744.809,3.700,42.1429320,-1.5879127,303.07,46.51,0.60,-9.14,346.60
38,1783330744.909,3.800,42.1429364,-1.5879141,303.26,46.70,0.57,-8.22,346.71
39,1783330745.009,3.900,42.1429445,-1.5879165,303.01,46.45,0.57,-7.39,346.72
40,1783330745.109,4.000,42.1429499,-1.5879182,303.26,46.70,0.53,-6.79,346.83
41,1783330745.209,4.100,42.1429589,-1.5879209,303.05,46.49,0.48,-5.95,346.96
42,1783330745.309,4.200,42.1429638,-1.5879225,303.28,46.72,0.46,-5.84,347.06
43,1783330745.409,4.300,42.1429722,-1.5879250,303.06,46.50,0.45,-5.34,347.11
44,1783330745.509,4.400,42.1429771,-1.5879266,303.29,46.73,0.52,-5.43,347.22
45,1783330745.609,4.500,42.1429856,-1.5879291,303.05,46.49,0.55,-5.10,347.40
46,1783330745.709,4.600,42.1429904,-1.5879307,303.28,46.72,0.51,-5.15,347.41
47,1783330745.809,4.700,42.1429989,-1.5879333,303.04,46.48,0.45,-5.37,347.52
48,1783330745.909,4.800,42.1430037,-1.5879348,303.28,46.72,0.43,-5.05,347.53
49,1783330746.009,4.900,42.1430111,-1.5879370,302.99,46.43,0.49,-5.46,347.65
50,1783330746.109,5.000,42.1430164,-1.5879387,303.26,46.70,0.45,-5.63,347.65
51,1783330746.209,5.100,42.1430251,-1.5879414,303.04,46.48,0.45,-6.20,347.75
52,1783330746.309,5.200,42.1430299,-1.5879429,303.29,46.73,0.52,-6.57,347.79
53,1783330746.409,5.300,42.1430381,-1.5879454,303.08,46.52,0.62,-6.71,347.82
54,1783330746.509,5.400,42.1430430,-1.5879470,303.31,46.75,0.72,-7.13,347.75
55,1783330746.609,5.500,42.1430513,-1.5879496,303.06,46.50,0.72,-7.08,347.71
56,1783330746.709,5.600,42.1430561,-1.5879511,303.30,46.74,0.75,-7.16,347.67
57,1783330746.809,5.700,42.1430644,-1.5879537,303.06,46.50,0.77,-7.30,347.71
58,1783330746.909,5.800,42.1430693,-1.5879552,303.30,46.74,0.82,-7.15,347.66
59,1783330747.009,5.900,42.1430767,-1.5879576,303.02,46.46,0.63,-7.54,347.62
60,1783330747.109,6.000,42.1430821,-1.5879593,303.29,46.73,0.64,-7.46,347.68
61,1783330747.209,6.100,42.1430909,-1.5879621,303.06,46.50,0.58,-7.93,347.66
62,1783330747.309,6.200,42.1430958,-1.5879636,303.30,46.74,0.59,-8.06,347.65
63,1783330747.409,6.300,42.1431041,-1.5879662,303.07,46.51,0.52,-7.89,347.65
64,1783330747.509,6.400,42.1431091,-1.5879677,303.31,46.75,0.68,-7.96,347.67
65,1783330747.609,6.500,42.1431177,-1.5879704,303.07,46.51,0.64,-7.53,347.62
66,1783330747.709,6.600,42.1431232,-1.5879722,303.35,46.79,0.70,-7.48,347.60
67,1783330747.809,6.700,42.1431310,-1.5879747,303.07,46.51,0.64,-7.11,347.59
68,1783330747.909,6.800,42.1431360,-1.5879762,303.32,46.76,0.70,-6.97,347.59
69,1783330748.009,6.900,42.1431436,-1.5879787,303.03,46.47,0.76,-6.89,347.58
70,1783330748.109,7.000,42.1431499,-1.5879806,303.34,46.78,0.88,-6.84,347.65
71,1783330748.209,7.100,42.1431582,-1.5879832,303.07,46.51,0.93,-7.07,347.59
72,1783330748.309,7.200,42.1431638,-1.5879849,303.35,46.79,0.88,-7.13,347.58
73,1783330748.409,7.300,42.1431719,-1.5879875,303.05,46.49,0.88,-7.15,347.72
74,1783330748.509,7.400,42.1431775,-1.5879892,303.34,46.78,0.92,-7.10,347.61
75,1783330748.609,7.500,42.1431855,-1.5879918,303.05,46.49,0.96,-7.17,347.56
76,1783330748.709,7.600,42.1431911,-1.5879935,303.34,46.78,0.85,-7.07,347.53
77,1783330748.809,7.700,42.1431989,-1.5879960,303.06,46.50,0.87,-7.05,347.61
78,1783330748.909,7.800,42.1432040,-1.5879975,303.30,46.74,0.79,-6.94,347.51
79,1783330749.009,7.900,42.1432115,-1.5879999,303.01,46.45,0.83,-6.82,347.57
80,1783330749.109,8.000,42.1432180,-1.5880018,303.32,46.76,0.77,-6.72,347.55
81,1783330749.209,8.100,42.1432264,-1.5880044,303.06,46.50,0.71,-6.78,347.46
82,1783330749.309,8.200,42.1432321,-1.5880061,303.34,46.78,0.70,-6.63,347.55
83,1783330749.409,8.300,42.1432401,-1.5880086,303.06,46.50,0.60,-6.57,347.44
84,1783330749.509,8.400,42.1432458,-1.5880104,303.34,46.78,0.61,-6.41,347.48
85,1783330749.609,8.500,42.1432536,-1.5880129,303.07,46.51,0.57,-6.34,347.51
86,1783330749.709,8.600,42.1432588,-1.5880144,303.31,46.75,0.65,-6.21,347.46
87,1783330749.809,8.700,42.1432673,-1.5880171,303.07,46.51,0.61,-6.13,347.50
88,1783330749.909,8.800,42.1432725,-1.5880186,303.31,46.75,0.65,-6.00,347.47
89,1783330750.009,8.900,42.1432799,-1.5880210,303.02,46.46,0.70,-5.79,347.48
90,1783330750.109,9.000,42.1432864,-1.5880229,303.32,46.76,0.60,-5.84,347.42
91,1783330750.209,9.100,42.1432948,-1.5880255,303.08,46.52,0.74,-5.76,347.51
92,1783330750.309,9.200,42.1433005,-1.5880273,303.34,46.78,0.59,-5.92,347.42
93,1783330750.409,9.300,42.1433083,-1.5880297,303.08,46.52,0.72,-5.82,347.48
94,1783330750.509,9.400,42.1433140,-1.5880315,303.36,46.80,0.73,-5.80,347.55
95,1783330750.609,9.500,42.1433217,-1.5880339,303.09,46.53,0.69,-6.01,347.43
96,1783330750.709,9.600,42.1433274,-1.5880357,303.36,46.80,0.69,-5.93,347.58
97,1783330750.809,9.700,42.1433351,-1.5880381,303.09,46.53,0.73,-6.12,347.43
98,1783330750.909,9.800,42.1433402,-1.5880397,303.33,46.77,0.75,-5.96,347.48
99,1783330751.009,9.900,42.1433476,-1.5880420,303.03,46.47,0.73,-6.16,347.51
100,1783330751.109,10.000,42.1433539,-1.5880440,303.34,46.78,0.71,-6.11,347.42
101,1783330751.209,10.100,42.1433610,-1.5880462,303.03,46.47,0.65,-6.20,347.50
102,1783330751.309,10.200,42.1433674,-1.5880481,303.35,46.79,0.73,-6.36,347.43
103,1783330751.409,10.300,42.1433756,-1.5880507,303.09,46.53,0.76,-6.32,347.47
104,1783330751.509,10.400,42.1433812,-1.5880524,303.37,46.81,0.77,-6.38,347.46
105,1783330751.609,10.500,42.1433890,-1.5880549,303.09,46.53,0.85,-6.34,347.54
106,1783330751.709,10.600,42.1433946,-1.5880566,303.38,46.82,0.81,-6.43,347.44
107,1783330751.809,10.700,42.1434023,-1.5880591,303.09,46.53,0.98,-6.41,347.49
108,1783330751.909,10.800,42.1434073,-1.5880606,303.35,46.79,1.00,-6.38,347.55
109,1783330752.009,10.900,42.1434147,-1.5880630,303.03,46.47,1.06,-6.39,347.51
110,1783330752.109,11.000,42.1434210,-1.5880648,303.36,46.80,1.01,-6.43,347.46
111,1783330752.209,11.100,42.1434291,-1.5880674,303.10,46.54,1.04,-6.45,347.48
112,1783330752.309,11.200,42.1434348,-1.5880691,303.39,46.83,0.91,-6.46,347.55
113,1783330752.409,11.300,42.1434426,-1.5880716,303.10,46.54,0.82,-6.50,347.40
114,1783330752.509,11.400,42.1434482,-1.5880732,303.40,46.84,0.80,-6.56,347.46
115,1783330752.609,11.500,42.1434559,-1.5880757,303.10,46.54,0.70,-6.48,347.43
116,1783330752.709,11.600,42.1434615,-1.5880773,303.41,46.85,0.69,-6.57,347.44
117,1783330752.809,11.700,42.1434692,-1.5880797,303.11,46.55,0.55,-6.56,347.41
118,1783330752.909,11.800,42.1434742,-1.5880812,303.38,46.82,0.67,-6.49,347.45
119,1783330753.009,11.900,42.1434816,-1.5880836,303.06,46.50,0.55,-6.54,347.39
120,1783330753.109,12.000,42.1434879,-1.5880854,303.41,46.85,0.63,-6.37,347.36
121,1783330753.209,12.100,42.1434959,-1.5880879,303.14,46.58,0.58,-6.60,347.43
122,1783330753.309,12.200,42.1435015,-1.5880896,303.44,46.88,0.57,-6.36,347.28
123,1783330753.409,12.300,42.1435092,-1.5880920,303.14,46.58,0.68,-6.68,347.34
124,1783330753.509,12.400,42.1435149,-1.5880937,303.45,46.89,0.68,-6.63,347.36
125,1783330753.609,12.500,42.1435225,-1.5880962,303.14,46.58,0.72,-6.71,347.25
126,1783330753.709,12.600,42.1435282,-1.5880977,303.45,46.89,0.78,-6.77,347.34
127,1783330753.809,12.700,42.1435357,-1.5881001,303.15,46.59,0.69,-6.58,347.29
128,1783330753.909,12.800,42.1435408,-1.5881016,303.42,46.86,0.70,-6.79,347.28
129,1783330754.009,12.900,42.1435479,-1.5881040,303.11,46.55,0.73,-6.64,347.28
130,1783330754.109,13.000,42.1435544,-1.5881058,303.44,46.88,0.81,-6.82,347.20
131,1783330754.209,13.100,42.1435622,-1.5881083,303.16,46.60,0.84,-6.92,347.21
132,1783330754.309,13.200,42.1435674,-1.5881098,303.43,46.87,0.84,-6.88,347.26
133,1783330754.409,13.300,42.1435756,-1.5881126,303.17,46.61,0.84,-6.96,347.17
134,1783330754.509,13.400,42.1435814,-1.5881141,303.47,46.91,0.79,-6.82,347.19
135,1783330754.609,13.500,42.1435889,-1.5881167,303.17,46.61,0.90,-6.90,347.15
136,1783330754.709,13.600,42.1435946,-1.5881183,303.46,46.90,1.02,-6.90,347.07
137,1783330754.809,13.700,42.1436021,-1.5881208,303.15,46.59,1.10,-6.83,347.07
138,1783330754.909,13.800,42.1436072,-1.5881223,303.42,46.86,1.11,-6.83,346.99
139,1783330755.009,13.900,42.1436143,-1.5881248,303.09,46.53,1.09,-6.76,346.90
140,1783330755.109,14.000,42.1436208,-1.5881266,303.44,46.88,1.26,-6.65,346.84
141,1783330755.209,14.100,42.1436288,-1.5881293,303.14,46.58,1.28,-6.82,346.85
142,1783330755.309,14.200,42.1436345,-1.5881308,303.46,46.90,1.35,-7.03,346.75
143,1783330755.409,14.300,42.1436420,-1.5881334,303.15,46.59,1.49,-7.20,346.89
144,1783330755.509,14.400,42.1436477,-1.5881349,303.47,46.91,1.57,-7.46,346.88
145,1783330755.609,14.500,42.1436553,-1.5881375,303.17,46.61,1.61,-7.20,346.99
146,1783330755.709,14.600,42.1436610,-1.5881391,303.49,46.93,1.51,-7.34,346.89
147,1783330755.809,14.700,42.1436684,-1.5881415,303.18,46.62,1.26,-7.71,346.99
148,1783330755.909,14.800,42.1436736,-1.5881430,303.45,46.89,0.99,-7.98,347.01
149,1783330756.009,14.900,42.1436807,-1.5881454,303.12,46.56,1.04,-7.75,346.89
150,1783330756.109,15.000,42.1436872,-1.5881471,303.47,46.91,0.99,-7.44,346.94
151,1783330756.209,15.100,42.1436940,-1.5881494,303.13,46.57,0.89,-7.38,346.86
152,1783330756.309,15.200,42.1437005,-1.5881512,303.48,46.92,1.01,-7.35,346.95
153,1783330756.409,15.300,42.1437086,-1.5881537,303.20,46.64,1.17,-7.42,346.96
154,1783330756.509,15.400,42.1437143,-1.5881554,303.51,46.95,1.28,-7.19,346.90
155,1783330756.609,15.500,42.1437219,-1.5881579,303.20,46.64,1.36,-7.24,346.89
156,1783330756.709,15.600,42.1437277,-1.5881596,303.51,46.95,1.30,-7.17,346.99
157,1783330756.809,15.700,42.1437352,-1.5881621,303.20,46.64,1.49,-7.08,346.96
158,1783330756.909,15.800,42.1437404,-1.5881636,303.48,46.92,1.66,-7.14,346.86
159,1783330757.009,15.900,42.1437475,-1.5881660,303.15,46.59,1.92,-6.85,346.91
160,1783330757.109,16.000,42.1437541,-1.5881679,303.51,46.95,2.01,-6.83,346.89
161,1783330757.209,16.100,42.1437622,-1.5881705,303.22,46.66,2.06,-6.66,346.87
162,1783330757.309,16.200,42.1437680,-1.5881722,303.53,46.97,2.08,-6.64,346.89
163,1783330757.409,16.300,42.1437755,-1.5881746,303.23,46.67,1.94,-6.72,346.93
164,1783330757.509,16.400,42.1437814,-1.5881763,303.54,46.98,1.82,-6.95,346.91
165,1783330757.609,16.500,42.1437888,-1.5881786,303.26,46.70,1.76,-7.17,346.93
166,1783330757.709,16.600,42.1437947,-1.5881803,303.55,46.99,1.66,-6.96,346.94
167,1783330757.809,16.700,42.1438020,-1.5881827,303.25,46.69,1.48,-6.46,346.95
168,1783330757.909,16.800,42.1438074,-1.5881842,303.51,46.95,1.31,-6.19,346.98
169,1783330758.009,16.900,42.1438145,-1.5881866,303.18,46.62,1.30,-6.01,346.87
170,1783330758.109,17.000,42.1438213,-1.5881884,303.52,46.96,1.23,-6.03,346.92
171,1783330758.209,17.100,42.1438292,-1.5881908,303.23,46.67,1.28,-6.18,346.98
172,1783330758.309,17.200,42.1438345,-1.5881923,303.50,46.94,1.30,-6.36,346.95
173,1783330758.409,17.300,42.1438425,-1.5881949,303.24,46.68,1.30,-6.46,347.00
174,1783330758.509,17.400,42.1438478,-1.5881964,303.50,46.94,1.36,-6.44,347.00
175,1783330758.609,17.500,42.1438559,-1.5881990,303.22,46.66,1.47,-6.33,346.98
176,1783330758.709,17.600,42.1438612,-1.5882005,303.49,46.93,1.52,-6.08,347.04
177,1783330758.809,17.700,42.1438692,-1.5882031,303.22,46.66,1.75,-5.81,346.99
178,1783330758.909,17.800,42.1438745,-1.5882046,303.49,46.93,1.77,-5.85,347.06
179,1783330759.009,17.900,42.1438816,-1.5882070,303.16,46.60,1.70,-5.76,347.03
180,1783330759.109,18.000,42.1438874,-1.5882086,303.47,46.91,1.59,-5.87,347.05
181,1783330759.209,18.100,42.1438960,-1.5882113,303.24,46.68,1.49,-6.11,347.18
182,1783330759.309,18.200,42.1439019,-1.5882130,303.55,46.99,1.48,-6.18,347.13
183,1783330759.409,18.300,42.1439094,-1.5882154,303.24,46.68,1.47,-6.34,347.09
184,1783330759.509,18.400,42.1439151,-1.5882170,303.55,46.99,1.52,-6.20,347.12
185,1783330759.609,18.500,42.1439220,-1.5882192,303.32,46.76,1.46,-6.16,347.15
186,1783330759.709,18.600,42.1439275,-1.5882208,303.55,46.99,1.44,-6.35,347.06
187,1783330759.809,18.700,42.1439352,-1.5882232,303.32,46.76,1.57,-6.56,346.96
188,1783330759.909,18.800,42.1439401,-1.5882246,303.53,46.97,1.70,-6.52,346.96
189,1783330760.009,18.900,42.1439478,-1.5882273,303.21,46.65,1.78,-6.75,346.91
190,1783330760.109,19.000,42.1439537,-1.5882288,303.51,46.95,1.73,-6.61,346.93
191,1783330760.209,19.100,42.1439620,-1.5882314,303.29,46.73,1.58,-6.69,346.95
192,1783330760.309,19.200,42.1439674,-1.5882329,303.54,46.98,1.38,-6.62,347.01
193,1783330760.409,19.300,42.1439756,-1.5882355,303.26,46.70,1.34,-6.17,347.08
194,1783330760.509,19.400,42.1439809,-1.5882369,303.53,46.97,1.28,-6.34,347.08
195,1783330760.609,19.500,42.1439887,-1.5882394,303.31,46.75,1.12,-5.80,347.07
196,1783330760.709,19.600,42.1439948,-1.5882411,303.58,47.02,0.99,-5.78,347.11
197,1783330760.809,19.700,42.1440019,-1.5882433,303.31,46.75,0.83,-5.64,347.18
198,1783330760.909,19.800,42.1440073,-1.5882448,303.55,46.99,0.71,-5.37,347.20
199,1783330761.009,19.900,42.1440141,-1.5882470,303.25,46.69,0.72,-5.54,347.29
200,1783330761.109,20.000,42.1440209,-1.5882488,303.55,46.99,0.52,-5.47,347.30
201,1783330761.209,20.100,42.1440285,-1.5882512,303.30,46.74,0.39,-5.87,347.34
202,1783330761.309,20.200,42.1440346,-1.5882529,303.57,47.01,0.25,-5.87,347.44
203,1783330761.409,20.300,42.1440418,-1.5882551,303.32,46.76,0.21,-6.41,347.45
204,1783330761.509,20.400,42.1440479,-1.5882568,303.57,47.01,0.13,-6.31,347.51
205,1783330761.609,20.500,42.1440552,-1.5882591,303.29,46.73,-0.21,-6.59,347.61
206,1783330761.709,20.600,42.1440613,-1.5882608,303.56,47.00,-0.29,-6.75,347.61
207,1783330761.809,20.700,42.1440685,-1.5882631,303.28,46.72,-0.15,-6.63,347.54
208,1783330761.909,20.800,42.1440739,-1.5882646,303.52,46.96,-0.00,-6.75,347.62
209,1783330762.009,20.900,42.1440807,-1.5882669,303.24,46.68,0.20,-6.91,347.50
210,1783330762.109,21.000,42.1440875,-1.5882688,303.54,46.98,0.26,-6.74,347.56
211,1783330762.209,21.100,42.1440952,-1.5882713,303.27,46.71,0.29,-6.80,347.45
212,1783330762.309,21.200,42.1441005,-1.5882728,303.51,46.95,0.19,-6.70,347.47
213,1783330762.409,21.300,42.1441086,-1.5882755,303.26,46.70,0.27,-6.81,347.35
214,1783330762.509,21.400,42.1441146,-1.5882772,303.53,46.97,0.39,-6.66,347.35
215,1783330762.609,21.500,42.1441220,-1.5882797,303.23,46.67,0.32,-6.81,347.29
216,1783330762.709,21.600,42.1441273,-1.5882812,303.48,46.92,0.34,-6.69,347.34
217,1783330762.809,21.700,42.1441352,-1.5882838,303.25,46.69,0.29,-6.83,347.27
218,1783330762.909,21.800,42.1441406,-1.5882854,303.49,46.93,0.39,-6.81,347.25
219,1783330763.009,21.900,42.1441487,-1.5882880,303.25,46.69,0.49,-6.32,347.26
220,1783330763.109,22.000,42.1441548,-1.5882898,303.52,46.96,0.66,-6.27,347.23
221,1783330763.209,22.100,42.1441622,-1.5882924,303.22,46.66,0.70,-6.00,347.28
222,1783330763.309,22.200,42.1441676,-1.5882939,303.47,46.91,0.77,-6.06,347.19
223,1783330763.409,22.300,42.1441758,-1.5882967,303.19,46.63,0.82,-5.66,347.25
224,1783330763.509,22.400,42.1441810,-1.5882982,303.46,46.90,0.85,-5.79,347.27
225,1783330763.609,22.500,42.1441891,-1.5883010,303.19,46.63,1.09,-5.41,347.34
226,1783330763.709,22.600,42.1441944,-1.5883025,303.45,46.89,1.04,-5.53,347.30
227,1783330763.809,22.700,42.1442022,-1.5883051,303.20,46.64,1.01,-5.79,347.34
228,1783330763.909,22.800,42.1442071,-1.5883065,303.43,46.87,0.98,-5.53,347.33
229,1783330764.009,22.900,42.1442145,-1.5883090,303.17,46.61,0.95,-5.80,347.40
230,1783330764.109,23.000,42.1442204,-1.5883106,303.44,46.88,0.81,-5.71,347.41
231,1783330764.209,23.100,42.1442288,-1.5883133,303.22,46.66,0.59,-5.99,347.30
232,1783330764.309,23.200,42.1442341,-1.5883148,303.47,46.91,0.49,-5.98,347.38
233,1783330764.409,23.300,42.1442421,-1.5883173,303.22,46.66,0.30,-5.59,347.36
234,1783330764.509,23.400,42.1442474,-1.5883188,303.48,46.92,0.13,-6.24,347.36
235,1783330764.609,23.500,42.1442553,-1.5883213,303.26,46.70,0.07,-5.85,347.28
236,1783330764.709,23.600,42.1442612,-1.5883230,303.52,46.96,0.03,-6.02,347.33
237,1783330764.809,23.700,42.1442684,-1.5883253,303.24,46.68,-0.05,-5.38,347.32
238,1783330764.909,23.800,42.1442736,-1.5883267,303.48,46.92,-0.07,-3.78,347.33
