baseline,count,repetition,updates_per_actor,create_total_ms,create_per_actor_ms,pose_update_total_ms,pose_update_per_actor_update_ms,shape_update_total_ms,shape_update_per_actor_ms,actors_after_create,actors_after_pose,actors_after_shape,components_after_create,components_after_pose,components_after_shape,component_names_reused_during_pose,component_names_reused_during_shape,create_payload_bytes,pose_payload_bytes_total,shape_payload_bytes,create_ok,pose_ok,shape_ok,mode
unreal_assets,10,0,5,3.8404999941121787,0.38404999941121787,0.7696999964537099,0.015393999929074198,0.23370000417344272,0.023370000417344272,10,10,10,10,10,10,1,1,58434,14113,3874,1,1,1,Component payload replay via ApplyObstacleBatchJson
unreal_assets,10,1,5,3.3663000067463145,0.33663000067463145,0.7318999996641651,0.014637999993283302,0.20739999308716506,0.020739999308716506,10,10,10,10,10,10,1,1,58434,14113,3874,1,1,1,Component payload replay via ApplyObstacleBatchJson
unreal_assets,10,2,5,3.3213999995496124,0.33213999995496124,0.7218999962788075,0.01443799992557615,0.20379999477881938,0.020379999477881938,10,10,10,10,10,10,1,1,58434,14113,3874,1,1,1,Component payload replay via ApplyObstacleBatchJson
unreal_assets,10,3,5,3.1700999970780686,0.31700999970780686,0.7114000036381185,0.01422800007276237,0.2074999938486144,0.02074999938486144,10,10,10,10,10,10,1,1,58434,14113,3874,1,1,1,Component payload replay via ApplyObstacleBatchJson
unreal_assets,10,4,5,3.190200004610233,0.3190200004610233,0.6995000003371388,0.013990000006742775,0.20249999943189323,0.020249999943189323,10,10,10,10,10,10,1,1,58434,14113,3874,1,1,1,Component payload replay via ApplyObstacleBatchJson
unreal_assets,10,5,5,3.1707000016467646,0.31707000016467646,0.6920000014360994,0.013840000028721988,0.20179999410174787,0.020179999410174787,10,10,10,10,10,10,1,1,58434,14113,3874,1,1,1,Component payload replay via ApplyObstacleBatchJson
unreal_assets,10,6,5,3.236999997170642,0.3236999997170642,0.7399999885819852,0.014799999771639705,0.20650000078603625,0.020650000078603625,10,10,10,10,10,10,1,1,58434,14113,3874,1,1,1,Component payload replay via ApplyObstacleBatchJson
unreal_assets,10,7,5,3.1718999962322414,0.31718999962322414,0.709700005245395,0.0141940001049079,0.2018000086536631,0.02018000086536631,10,10,10,10,10,10,1,1,58434,14113,3874,1,1,1,Component payload replay via ApplyObstacleBatchJson
unreal_assets,10,8,5,3.153300000121817,0.3153300000121817,0.6943000043975189,0.013886000087950379,0.20330000552348793,0.020330000552348793,10,10,10,10,10,10,1,1,58434,14113,3874,1,1,1,Component payload replay via ApplyObstacleBatchJson
unreal_assets,10,9,5,3.235399999539368,0.3235399999539368,0.7111999875633046,0.014223999751266092,0.20659998699557036,0.020659998699557036,10,10,10,10,10,10,1,1,58434,14113,3874,1,1,1,Component payload replay via ApplyObstacleBatchJson
unreal_assets,50,0,5,15.625499989255331,0.31250999978510663,3.6634999996749684,0.014653999998699874,0.9767000010469928,0.019534000020939857,50,50,50,50,50,50,1,1,246310,70077,18660,1,1,1,Component payload replay via ApplyObstacleBatchJson
unreal_assets,50,1,5,14.857000001939014,0.29714000003878027,3.487399997538887,0.013949599990155548,0.9515999990981072,0.019031999981962144,50,50,50,50,50,50,1,1,246310,70077,18660,1,1,1,Component payload replay via ApplyObstacleBatchJson
unreal_assets,50,2,5,15.225999988615513,0.30451999977231026,3.3896999957505614,0.013558799983002245,0.9065000049304217,0.018130000098608434,50,50,50,50,50,50,1,1,246310,70077,18660,1,1,1,Component payload replay via ApplyObstacleBatchJson
unreal_assets,50,3,5,15.176500004599802,0.30353000009199604,3.408000004128553,0.013632000016514212,0.9652000007918105,0.01930400001583621,50,50,50,50,50,50,1,1,246310,70077,18660,1,1,1,Component payload replay via ApplyObstacleBatchJson
unreal_assets,50,4,5,15.279200000804849,0.305584000016097,3.3675000013317913,0.013470000005327165,0.9508999937679619,0.019017999875359237,50,50,50,50,50,50,1,1,246310,70077,18660,1,1,1,Component payload replay via ApplyObstacleBatchJson
unreal_assets,50,5,5,14.592899999115616,0.2918579999823123,3.268300002673641,0.013073200010694563,0.9109999955398962,0.018219999910797924,50,50,50,50,50,50,1,1,246310,70077,18660,1,1,1,Component payload replay via ApplyObstacleBatchJson
unreal_assets,50,6,5,15.105700003914535,0.3021140000782907,3.337800008011982,0.013351200032047927,0.9017999982461333,0.018035999964922667,50,50,50,50,50,50,1,1,246310,70077,18660,1,1,1,Component payload replay via ApplyObstacleBatchJson
unreal_assets,50,7,5,14.992000011261553,0.29984000022523105,3.414100006921217,0.013656400027684867,0.8981999999377877,0.017963999998755753,50,50,50,50,50,50,1,1,246310,70077,18660,1,1,1,Component payload replay via ApplyObstacleBatchJson
unreal_assets,50,8,5,16.30039999145083,0.3260079998290166,3.456000005826354,0.013824000023305416,0.905399996554479,0.01810799993108958,50,50,50,50,50,50,1,1,246310,70077,18660,1,1,1,Component payload replay via ApplyObstacleBatchJson
unreal_assets,50,9,5,15.072800000780262,0.30145600001560524,3.3218000025954098,0.013287200010381639,0.9215999889420345,0.01843199977884069,50,50,50,50,50,50,1,1,246310,70077,18660,1,1,1,Component payload replay via ApplyObstacleBatchJson
unreal_assets,100,0,5,29.9146000033943,0.299146000033943,6.445599996368401,0.012891199992736802,1.836600000387989,0.01836600000387989,100,100,100,100,100,100,1,1,492607,140077,37305,1,1,1,Component payload replay via ApplyObstacleBatchJson
unreal_assets,100,1,5,31.98260000499431,0.3198260000499431,6.7617999884532765,0.013523599976906553,1.8447000038577244,0.018447000038577244,100,100,100,100,100,100,1,1,492607,140077,37305,1,1,1,Component payload replay via ApplyObstacleBatchJson
unreal_assets,100,2,5,32.2425999911502,0.322425999911502,8.381199993891641,0.016762399987783283,1.9215999927837402,0.0192159999278374,100,100,100,100,100,100,1,1,492607,140077,37305,1,1,1,Component payload replay via ApplyObstacleBatchJson
unreal_assets,100,3,5,32.709999999497086,0.32709999999497086,9.312800000770949,0.018625600001541898,3.099800000200048,0.03099800000200048,100,100,100,100,100,100,1,1,492607,140077,37305,1,1,1,Component payload replay via ApplyObstacleBatchJson
unreal_assets,100,4,5,32.28159999707714,0.3228159999707714,6.934799996088259,0.013869599992176518,1.8530999950598925,0.018530999950598925,100,100,100,100,100,100,1,1,492607,140077,37305,1,1,1,Component payload replay via ApplyObstacleBatchJson
unreal_assets,100,5,5,34.61000000243075,0.3461000000243075,7.527599998866208,0.015055199997732416,2.016300000832416,0.02016300000832416,100,100,100,100,100,100,1,1,492607,140077,37305,1,1,1,Component payload replay via ApplyObstacleBatchJson
unreal_assets,100,6,5,33.28969998983666,0.33289699989836663,7.377899994025938,0.014755799988051876,2.1092000097269192,0.021092000097269192,100,100,100,100,100,100,1,1,492607,140077,37305,1,1,1,Component payload replay via ApplyObstacleBatchJson
unreal_assets,100,7,5,33.38409999560099,0.3338409999560099,7.3373999912291765,0.014674799982458353,2.048299997113645,0.02048299997113645,100,100,100,100,100,100,1,1,492607,140077,37305,1,1,1,Component payload replay via ApplyObstacleBatchJson
unreal_assets,100,8,5,34.357700002146885,0.34357700002146885,7.629899992025457,0.015259799984050915,1.999900006921962,0.01999900006921962,100,100,100,100,100,100,1,1,492607,140077,37305,1,1,1,Component payload replay via ApplyObstacleBatchJson
unreal_assets,100,9,5,35.56859999662265,0.3556859999662265,7.2220000001834705,0.014444000000366941,2.1431000059237704,0.021431000059237704,100,100,100,100,100,100,1,1,492607,140077,37305,1,1,1,Component payload replay via ApplyObstacleBatchJson
unreal_assets,250,0,5,81.74520000466146,0.3269808000186458,18.38500000303611,0.01470800000242889,5.172599994693883,0.02069039997877553,250,250,250,250,250,250,1,1,1231671,350834,93386,1,1,1,Component payload replay via ApplyObstacleBatchJson
unreal_assets,250,1,5,77.93949999904726,0.31175799999618903,19.105999992461875,0.0152847999939695,6.2316999974427745,0.024926799989771098,250,250,250,250,250,250,1,1,1231671,350834,93386,1,1,1,Component payload replay via ApplyObstacleBatchJson
unreal_assets,250,2,5,81.7045000003418,0.3268180000013672,19.33880000433419,0.015471040003467352,5.878399999346584,0.023513599997386336,250,250,250,250,250,250,1,1,1231671,350834,93386,1,1,1,Component payload replay via ApplyObstacleBatchJson
unreal_assets,250,3,5,79.20180000655819,0.31680720002623275,17.463899988797493,0.013971119991037995,5.133600003318861,0.020534400013275445,250,250,250,250,250,250,1,1,1231671,350834,93386,1,1,1,Component payload replay via ApplyObstacleBatchJson
unreal_assets,250,4,5,78.36980000138283,0.3134792000055313,17.689300002530217,0.014151440002024174,4.885399990598671,0.019541599962394685,250,250,250,250,250,250,1,1,1231671,350834,93386,1,1,1,Component payload replay via ApplyObstacleBatchJson
unreal_assets,250,5,5,78.32200000120793,0.3132880000048317,17.69829999830108,0.014158639998640865,4.663200001232326,0.018652800004929304,250,250,250,250,250,250,1,1,1231671,350834,93386,1,1,1,Component payload replay via ApplyObstacleBatchJson
unreal_assets,250,6,5,76.01760000397917,0.3040704000159167,17.543400012073107,0.014034720009658486,4.856400002609007,0.019425600010436028,250,250,250,250,250,250,1,1,1231671,350834,93386,1,1,1,Component payload replay via ApplyObstacleBatchJson
unreal_assets,250,7,5,78.40990000113379,0.31363960000453517,17.392099995049648,0.013913679996039718,5.233099989709444,0.020932399958837777,250,250,250,250,250,250,1,1,1231671,350834,93386,1,1,1,Component payload replay via ApplyObstacleBatchJson
unreal_assets,250,8,5,80.43599998927675,0.321743999957107,16.64139999775216,0.013313119998201728,4.7341000026790425,0.01893640001071617,250,250,250,250,250,250,1,1,1231671,350834,93386,1,1,1,Component payload replay via ApplyObstacleBatchJson
unreal_assets,250,9,5,77.73209999140818,0.3109283999656327,17.443100005039014,0.013954480004031211,4.781699986779131,0.019126799947116524,250,250,250,250,250,250,1,1,1231671,350834,93386,1,1,1,Component payload replay via ApplyObstacleBatchJson
unreal_assets,500,0,5,157.08750000339933,0.31417500000679865,52.73799999849871,0.021095199999399482,14.496500007226132,0.028993000014452264,500,500,500,500,500,500,1,1,2463428,702091,186858,1,1,1,Component payload replay via ApplyObstacleBatchJson
unreal_assets,500,1,5,166.0661999922013,0.3321323999844026,46.12749999796506,0.018450999999186025,12.804500001948327,0.025609000003896654,500,500,500,500,500,500,1,1,2463428,702091,186858,1,1,1,Component payload replay via ApplyObstacleBatchJson
unreal_assets,500,2,5,172.06609999993816,0.3441321999998763,46.67679998965468,0.018670719995861874,12.91510000010021,0.02583020000020042,500,500,500,500,500,500,1,1,2463428,702091,186858,1,1,1,Component payload replay via ApplyObstacleBatchJson
unreal_assets,500,3,5,164.04249999322928,0.32808499998645857,39.813700001104735,0.015925480000441895,11.677000002237037,0.023354000004474074,500,500,500,500,500,500,1,1,2463428,702091,186858,1,1,1,Component payload replay via ApplyObstacleBatchJson
unreal_assets,500,4,5,164.05009999289177,0.32810019998578355,43.486499998834915,0.017394599999533966,12.992299991310574,0.025984599982621148,500,500,500,500,500,500,1,1,2463428,702091,186858,1,1,1,Component payload replay via ApplyObstacleBatchJson
unreal_assets,500,5,5,166.76619999634568,0.33353239999269135,41.92479999619536,0.016769919998478145,12.08990000304766,0.02417980000609532,500,500,500,500,500,500,1,1,2463428,702091,186858,1,1,1,Component payload replay via ApplyObstacleBatchJson
unreal_assets,500,6,5,164.44310000224505,0.3288862000044901,50.524799997219816,0.020209919998887927,10.730199996032752,0.021460399992065504,500,500,500,500,500,500,1,1,2463428,702091,186858,1,1,1,Component payload replay via ApplyObstacleBatchJson
unreal_assets,500,7,5,162.88219999114517,0.32576439998229034,39.848399988841265,0.015939359995536508,10.98900000215508,0.02197800000431016,500,500,500,500,500,500,1,1,2463428,702091,186858,1,1,1,Component payload replay via ApplyObstacleBatchJson
unreal_assets,500,8,5,157.68029999162536,0.3153605999832507,44.188100000610575,0.01767524000024423,12.873099985881709,0.025746199971763417,500,500,500,500,500,500,1,1,2463428,702091,186858,1,1,1,Component payload replay via ApplyObstacleBatchJson
unreal_assets,500,9,5,167.758200012031,0.335516400024062,43.7108000041917,0.017484320001676677,13.305600004969165,0.02661120000993833,500,500,500,500,500,500,1,1,2463428,702091,186858,1,1,1,Component payload replay via ApplyObstacleBatchJson
semantic_proxy,10,0,5,9.714399988297373,0.9714399988297373,1.7970000044442713,0.035940000088885427,0.498099994729273,0.0498099994729273,10,10,10,110,110,110,1,1,58434,14113,3874,1,1,1,Component payload replay via ApplyObstacleBatchJson
semantic_proxy,10,1,5,9.217999991960824,0.9217999991960824,1.4888000005157664,0.02977600001031533,0.46409999777097255,0.046409999777097255,10,10,10,110,110,110,1,1,58434,14113,3874,1,1,1,Component payload replay via ApplyObstacleBatchJson
semantic_proxy,10,2,5,9.495699996477924,0.9495699996477924,1.425599999492988,0.02851199998985976,0.4557999927783385,0.04557999927783385,10,10,10,110,110,110,1,1,58434,14113,3874,1,1,1,Component payload replay via ApplyObstacleBatchJson
semantic_proxy,10,3,5,9.97869999264367,0.9978699992643669,1.4494999923044816,0.02898999984608963,0.447600003099069,0.0447600003099069,10,10,10,110,110,110,1,1,58434,14113,3874,1,1,1,Component payload replay via ApplyObstacleBatchJson
semantic_proxy,10,4,5,9.44760000857059,0.9447600008570589,1.478200007113628,0.029564000142272562,0.46609999844804406,0.046609999844804406,10,10,10,110,110,110,1,1,58434,14113,3874,1,1,1,Component payload replay via ApplyObstacleBatchJson
semantic_proxy,10,5,5,9.595400013495237,0.9595400013495237,2.666600004886277,0.05333200009772554,0.6885000038892031,0.06885000038892031,10,10,10,110,110,110,1,1,58434,14113,3874,1,1,1,Component payload replay via ApplyObstacleBatchJson
semantic_proxy,10,6,5,9.081299998797476,0.9081299998797476,1.4636999985668808,0.029273999971337616,0.46660000225529075,0.046660000225529075,10,10,10,110,110,110,1,1,58434,14113,3874,1,1,1,Component payload replay via ApplyObstacleBatchJson
semantic_proxy,10,7,5,8.507499995175749,0.8507499995175749,1.411499993992038,0.02822999987984076,0.45000000682193786,0.045000000682193786,10,10,10,110,110,110,1,1,58434,14113,3874,1,1,1,Component payload replay via ApplyObstacleBatchJson
semantic_proxy,10,8,5,8.694500007550232,0.8694500007550232,1.4489999884972349,0.028979999769944698,0.44720000005327165,0.044720000005327165,10,10,10,110,110,110,1,1,58434,14113,3874,1,1,1,Component payload replay via ApplyObstacleBatchJson
semantic_proxy,10,9,5,8.580999987316318,0.8580999987316318,1.4155000098980963,0.028310000197961926,0.44770000386051834,0.044770000386051834,10,10,10,110,110,110,1,1,58434,14113,3874,1,1,1,Component payload replay via ApplyObstacleBatchJson
semantic_proxy,50,0,5,33.619800000451505,0.6723960000090301,6.243299998459406,0.024973199993837625,1.9585999980336055,0.03917199996067211,50,50,50,268,268,268,1,1,246310,70077,18660,1,1,1,Component payload replay via ApplyObstacleBatchJson
semantic_proxy,50,1,5,35.03349999664351,0.7006699999328703,6.406000000424683,0.025624000001698732,1.98459999228362,0.0396919998456724,50,50,50,268,268,268,1,1,246310,70077,18660,1,1,1,Component payload replay via ApplyObstacleBatchJson
semantic_proxy,50,2,5,35.72319999511819,0.7144639999023639,7.1361999871442094,0.028544799948576838,2.0533999922918156,0.04106799984583631,50,50,50,268,268,268,1,1,246310,70077,18660,1,1,1,Component payload replay via ApplyObstacleBatchJson
semantic_proxy,50,3,5,37.24250000959728,0.7448500001919456,6.576800005859695,0.02630720002343878,2.0136999955866486,0.04027399991173297,50,50,50,268,268,268,1,1,246310,70077,18660,1,1,1,Component payload replay via ApplyObstacleBatchJson
semantic_proxy,50,4,5,34.75360000447836,0.6950720000895672,6.902599998284131,0.027610399993136525,1.9896999874617904,0.03979399974923581,50,50,50,268,268,268,1,1,246310,70077,18660,1,1,1,Component payload replay via ApplyObstacleBatchJson
semantic_proxy,50,5,5,43.026500003179535,0.8605300000635907,8.005499999853782,0.03202199999941513,2.5304000009782612,0.050608000019565225,50,50,50,268,268,268,1,1,246310,70077,18660,1,1,1,Component payload replay via ApplyObstacleBatchJson
semantic_proxy,50,6,5,42.9988000105368,0.859976000210736,6.675700002233498,0.02670280000893399,2.8184000111650676,0.05636800022330135,50,50,50,268,268,268,1,1,246310,70077,18660,1,1,1,Component payload replay via ApplyObstacleBatchJson
semantic_proxy,50,7,5,51.03799999051262,1.0207599998102523,9.725999989314005,0.03890399995725602,2.1204000076977536,0.04240800015395507,50,50,50,268,268,268,1,1,246310,70077,18660,1,1,1,Component payload replay via ApplyObstacleBatchJson
semantic_proxy,50,8,5,43.085099998279475,0.8617019999655895,7.440000001224689,0.029760000004898757,2.432499997667037,0.04864999995334074,50,50,50,268,268,268,1,1,246310,70077,18660,1,1,1,Component payload replay via ApplyObstacleBatchJson
semantic_proxy,50,9,5,40.41200000210665,0.808240000042133,6.929600000148639,0.027718400000594556,2.0414000027813017,0.040828000055626035,50,50,50,268,268,268,1,1,246310,70077,18660,1,1,1,Component payload replay via ApplyObstacleBatchJson
semantic_proxy,100,0,5,77.99229999363888,0.7799229999363888,15.571199997793883,0.031142399995587766,4.447399987839162,0.044473999878391623,100,100,100,536,536,536,1,1,492607,140077,37305,1,1,1,Component payload replay via ApplyObstacleBatchJson
semantic_proxy,100,1,5,79.92099999682978,0.7992099999682978,15.047599998069927,0.030095199996139854,4.4323000038275495,0.044323000038275495,100,100,100,536,536,536,1,1,492607,140077,37305,1,1,1,Component payload replay via ApplyObstacleBatchJson
semantic_proxy,100,2,5,79.04290000442415,0.7904290000442415,14.864499986288138,0.029728999972576275,4.702800011727959,0.04702800011727959,100,100,100,536,536,536,1,1,492607,140077,37305,1,1,1,Component payload replay via ApplyObstacleBatchJson
semantic_proxy,100,3,5,82.54619999206625,0.8254619999206625,15.720600000349805,0.03144120000069961,4.646799992769957,0.046467999927699566,100,100,100,536,536,536,1,1,492607,140077,37305,1,1,1,Component payload replay via ApplyObstacleBatchJson
semantic_proxy,100,4,5,76.604200003203,0.76604200003203,14.54329999978654,0.02908659999957308,4.579900007229298,0.045799000072292984,100,100,100,536,536,536,1,1,492607,140077,37305,1,1,1,Component payload replay via ApplyObstacleBatchJson
semantic_proxy,100,5,5,80.4509000008693,0.804509000008693,14.339599991217256,0.02867919998243451,4.15150000480935,0.0415150000480935,100,100,100,536,536,536,1,1,492607,140077,37305,1,1,1,Component payload replay via ApplyObstacleBatchJson
semantic_proxy,100,6,5,76.17819998995401,0.7617819998995401,14.360799992573448,0.028721599985146895,4.486799996811897,0.044867999968118966,100,100,100,536,536,536,1,1,492607,140077,37305,1,1,1,Component payload replay via ApplyObstacleBatchJson
semantic_proxy,100,7,5,75.1826999912737,0.7518269999127369,14.792200003284961,0.029584400006569922,4.5947999897180125,0.045947999897180125,100,100,100,536,536,536,1,1,492607,140077,37305,1,1,1,Component payload replay via ApplyObstacleBatchJson
semantic_proxy,100,8,5,75.06529999955092,0.7506529999955092,15.012399991974235,0.03002479998394847,4.418900003656745,0.04418900003656745,100,100,100,536,536,536,1,1,492607,140077,37305,1,1,1,Component payload replay via ApplyObstacleBatchJson
semantic_proxy,100,9,5,74.08140000188723,0.7408140000188723,14.822099998127669,0.029644199996255338,4.735099995741621,0.04735099995741621,100,100,100,536,536,536,1,1,492607,140077,37305,1,1,1,Component payload replay via ApplyObstacleBatchJson
semantic_proxy,250,0,5,178.43230000289623,0.7137292000115849,38.940400001592934,0.031152320001274346,12.12679999298416,0.04850719997193664,250,250,250,1340,1340,1340,1,1,1231671,350834,93386,1,1,1,Component payload replay via ApplyObstacleBatchJson
semantic_proxy,250,1,5,185.3426000016043,0.7413704000064172,40.24280000885483,0.03219424000708386,13.44039999821689,0.05376159999286756,250,250,250,1340,1340,1340,1,1,1231671,350834,93386,1,1,1,Component payload replay via ApplyObstacleBatchJson
semantic_proxy,250,2,5,183.96609999763314,0.7358643999905325,39.47879999759607,0.03158303999807686,11.682900003506802,0.04673160001402721,250,250,250,1340,1340,1340,1,1,1231671,350834,93386,1,1,1,Component payload replay via ApplyObstacleBatchJson
semantic_proxy,250,3,5,184.54640000709333,0.7381856000283733,36.56420001061633,0.029251360008493064,11.112099993624724,0.0444483999744989,250,250,250,1340,1340,1340,1,1,1231671,350834,93386,1,1,1,Component payload replay via ApplyObstacleBatchJson
semantic_proxy,250,4,5,213.86420000635553,0.8554568000254221,50.321100003202446,0.04025688000256196,20.26119999936782,0.08104479999747127,250,250,250,1340,1340,1340,1,1,1231671,350834,93386,1,1,1,Component payload replay via ApplyObstacleBatchJson
semantic_proxy,250,5,5,239.77210000157356,0.9590884000062943,54.8069999931613,0.04384559999452904,15.989700012141839,0.06395880004856735,250,250,250,1340,1340,1340,1,1,1231671,350834,93386,1,1,1,Component payload replay via ApplyObstacleBatchJson
semantic_proxy,250,6,5,236.43180000362918,0.9457272000145167,66.07030000304803,0.05285624000243842,22.009499996784143,0.08803799998713657,250,250,250,1340,1340,1340,1,1,1231671,350834,93386,1,1,1,Component payload replay via ApplyObstacleBatchJson
semantic_proxy,250,7,5,184.57630000193603,0.7383052000077441,39.65609999431763,0.031724879995454106,12.297099994611926,0.049188399978447706,250,250,250,1340,1340,1340,1,1,1231671,350834,93386,1,1,1,Component payload replay via ApplyObstacleBatchJson
semantic_proxy,250,8,5,181.8731000093976,0.7274924000375904,40.1547999936156,0.032123839994892475,13.022699989960529,0.052090799959842116,250,250,250,1340,1340,1340,1,1,1231671,350834,93386,1,1,1,Component payload replay via ApplyObstacleBatchJson
semantic_proxy,250,9,5,186.36789999436587,0.7454715999774635,39.69190000498202,0.03175352000398561,13.360900004045106,0.053443600016180426,250,250,250,1340,1340,1340,1,1,1231671,350834,93386,1,1,1,Component payload replay via ApplyObstacleBatchJson
semantic_proxy,500,0,5,384.19349999458063,0.7683869999891613,98.19210000569001,0.039276840002276006,25.408000001334585,0.05081600000266917,500,500,500,2680,2680,2680,1,1,2463428,702091,186858,1,1,1,Component payload replay via ApplyObstacleBatchJson
semantic_proxy,500,1,5,371.8163000012282,0.7436326000024565,82.71080000849906,0.03308432000339963,24.62809999997262,0.04925619999994524,500,500,500,2680,2680,2680,1,1,2463428,702091,186858,1,1,1,Component payload replay via ApplyObstacleBatchJson
semantic_proxy,500,2,5,384.34840000991244,0.7686968000198249,95.10550000413787,0.038042200001655146,28.069400010281242,0.056138800020562485,500,500,500,2680,2680,2680,1,1,2463428,702091,186858,1,1,1,Component payload replay via ApplyObstacleBatchJson
semantic_proxy,500,3,5,363.4735000086948,0.7269470000173897,87.76330000546295,0.03510532000218518,24.561400001402944,0.04912280000280589,500,500,500,2680,2680,2680,1,1,2463428,702091,186858,1,1,1,Component payload replay via ApplyObstacleBatchJson
semantic_proxy,500,4,5,356.65279999375343,0.7133055999875069,78.98910000221804,0.031595640000887215,25.79830000468064,0.05159660000936128,500,500,500,2680,2680,2680,1,1,2463428,702091,186858,1,1,1,Component payload replay via ApplyObstacleBatchJson
semantic_proxy,500,5,5,403.30449999601115,0.8066089999920223,93.29020000586752,0.037316080002347006,27.460299999802373,0.05492059999960475,500,500,500,2680,2680,2680,1,1,2463428,702091,186858,1,1,1,Component payload replay via ApplyObstacleBatchJson
semantic_proxy,500,6,5,399.3573000043398,0.7987146000086796,86.01820000330918,0.03440728000132367,26.758100008009933,0.053516200016019866,500,500,500,2680,2680,2680,1,1,2463428,702091,186858,1,1,1,Component payload replay via ApplyObstacleBatchJson
semantic_proxy,500,7,5,374.5848999969894,0.7491697999939788,86.10060000501107,0.03444024000200443,25.182900004438125,0.05036580000887625,500,500,500,2680,2680,2680,1,1,2463428,702091,186858,1,1,1,Component payload replay via ApplyObstacleBatchJson
semantic_proxy,500,8,5,374.3006000004243,0.7486012000008486,84.56360000127461,0.03382544000050984,24.716200001421385,0.04943240000284277,500,500,500,2680,2680,2680,1,1,2463428,702091,186858,1,1,1,Component payload replay via ApplyObstacleBatchJson
semantic_proxy,500,9,5,361.43900000024587,0.7228780000004917,87.76299998862669,0.03510519999545068,31.13459999440238,0.06226919998880476,500,500,500,2680,2680,2680,1,1,2463428,702091,186858,1,1,1,Component payload replay via ApplyObstacleBatchJson
