baseline,count,repetition,updates_per_actor,create_total_ms,create_per_object_ms,pose_update_total_ms,pose_update_per_object_ms,shape_update_total_ms,shape_update_per_object_ms,no_op_total_ms,no_op_per_object_ms,destroy_total_ms,destroy_per_object_ms,actor_count,components_after_create,components_after_pose,components_after_shape,components_created_approx,components_destroyed_approx,components_reused_during_pose,components_reused_during_shape,component_names_reused_during_pose,component_names_reused_during_shape,descriptor_bytes,triangles_estimated,create_failures,pose_failures,shape_failures,no_op_failures,mode
no_render,10,0,5,0.06970000686123967,0.006970000686123967,0.007399998139590025,0.0001479999627918005,0.000200001522898674,2.00001522898674e-05,0.000400003045797348,4.00003045797348e-05,0.000300002284348011,3.00002284348011e-05,10,0,0,0,0,0,1,1,1,1,0,,0,0,0,0,Editor-Cmd actor microbenchmark
no_render,10,1,5,0.033200005418621004,0.0033200005418621004,0.005800000508315861,0.00011600001016631722,0.000200001522898674,2.00001522898674e-05,0.000200001522898674,2.00001522898674e-05,0.000200001522898674,2.00001522898674e-05,10,0,0,0,0,0,1,1,1,1,0,,0,0,0,0,Editor-Cmd actor microbenchmark
no_render,10,2,5,0.030199997127056122,0.003019999712705612,0.005900001269765198,0.00011800002539530396,0.000200001522898674,2.00001522898674e-05,0.000100000761449337,1.00000761449337e-05,0.000100000761449337,1.00000761449337e-05,10,0,0,0,0,0,1,1,1,1,0,,0,0,0,0,Editor-Cmd actor microbenchmark
no_render,10,3,5,0.031200004741549492,0.003120000474154949,0.005599998985417187,0.00011199997970834374,0.00019998697098344564,1.9998697098344564e-05,0.000100000761449337,1.00000761449337e-05,0.0,0.0,10,0,0,0,0,0,1,1,1,1,0,,0,0,0,0,Editor-Cmd actor microbenchmark
no_render,10,4,5,0.028599999495781958,0.002859999949578196,0.005900001269765198,0.00011800002539530396,0.000100000761449337,1.00000761449337e-05,0.000100000761449337,1.00000761449337e-05,0.000100000761449337,1.00000761449337e-05,10,0,0,0,0,0,1,1,1,1,0,,0,0,0,0,Editor-Cmd actor microbenchmark
no_render,10,5,5,0.02950000634882599,0.002950000634882599,0.005400012014433742,0.00010800024028867483,0.000200001522898674,2.00001522898674e-05,0.000100000761449337,1.00000761449337e-05,0.000100000761449337,1.00000761449337e-05,10,0,0,0,0,0,1,1,1,1,0,,0,0,0,0,Editor-Cmd actor microbenchmark
no_render,10,6,5,0.028099995688535273,0.0028099995688535273,0.005399997462518513,0.00010799994925037026,0.000200001522898674,2.00001522898674e-05,0.000100000761449337,1.00000761449337e-05,0.000100000761449337,1.00000761449337e-05,10,0,0,0,0,0,1,1,1,1,0,,0,0,0,0,Editor-Cmd actor microbenchmark
no_render,10,7,5,0.028399997972883284,0.0028399997972883284,0.006000002031214535,0.0001200000406242907,0.000200001522898674,2.00001522898674e-05,9.998620953410864e-05,9.998620953410864e-06,0.000100000761449337,1.00000761449337e-05,10,0,0,0,0,0,1,1,1,1,0,,0,0,0,0,Editor-Cmd actor microbenchmark
no_render,10,8,5,0.02849999873433262,0.002849999873433262,0.005699999746866524,0.00011399999493733048,0.000200001522898674,2.00001522898674e-05,0.000100000761449337,1.00000761449337e-05,0.000100000761449337,1.00000761449337e-05,10,0,0,0,0,0,1,1,1,1,0,,0,0,0,0,Editor-Cmd actor microbenchmark
no_render,10,9,5,0.02849999873433262,0.002849999873433262,0.00549999822396785,0.000109999964479357,0.00019998697098344564,1.9998697098344564e-05,0.000100000761449337,1.00000761449337e-05,0.000100000761449337,1.00000761449337e-05,10,0,0,0,0,0,1,1,1,1,0,,0,0,0,0,Editor-Cmd actor microbenchmark
no_render,50,0,5,0.14969999028835446,0.002993999805767089,0.0219999928958714,8.79999715834856e-05,0.000200001522898674,4.00003045797348e-06,9.998620953410864e-05,1.9997241906821728e-06,0.000100000761449337,2.00001522898674e-06,50,0,0,0,0,0,1,1,1,1,0,,0,0,0,0,Editor-Cmd actor microbenchmark
no_render,50,1,5,0.14210000517778099,0.0028420001035556197,0.02230000973213464,8.920003892853856e-05,0.000200001522898674,4.00003045797348e-06,0.000100000761449337,2.00001522898674e-06,0.000200001522898674,4.00003045797348e-06,50,0,0,0,0,0,1,1,1,1,0,,0,0,0,0,Editor-Cmd actor microbenchmark
no_render,50,2,5,0.14210000517778099,0.0028420001035556197,0.022599997464567423,9.039998985826969e-05,9.998620953410864e-05,1.9997241906821728e-06,0.000100000761449337,2.00001522898674e-06,0.000100000761449337,2.00001522898674e-06,50,0,0,0,0,0,1,1,1,1,0,,0,0,0,0,Editor-Cmd actor microbenchmark
no_render,50,3,5,0.14799999189563096,0.002959999837912619,0.0219999928958714,8.79999715834856e-05,0.000200001522898674,4.00003045797348e-06,0.000100000761449337,2.00001522898674e-06,0.000100000761449337,2.00001522898674e-06,50,0,0,0,0,0,1,1,1,1,0,,0,0,0,0,Editor-Cmd actor microbenchmark
no_render,50,4,5,0.1407000090694055,0.00281400018138811,0.022299995180219412,8.919998072087765e-05,0.000100000761449337,2.00001522898674e-06,0.000100000761449337,2.00001522898674e-06,0.000100000761449337,2.00001522898674e-06,50,0,0,0,0,0,1,1,1,1,0,,0,0,0,0,Editor-Cmd actor microbenchmark
no_render,50,5,5,0.1416000013705343,0.002832000027410686,0.02160000440198928,8.640001760795712e-05,0.000200001522898674,4.00003045797348e-06,0.000100000761449337,2.00001522898674e-06,0.000200001522898674,4.00003045797348e-06,50,0,0,0,0,0,1,1,1,1,0,,0,0,0,0,Editor-Cmd actor microbenchmark
no_render,50,6,5,0.14000000373926014,0.0028000000747852027,0.022200008970685303,8.880003588274121e-05,0.000200001522898674,4.00003045797348e-06,0.000100000761449337,2.00001522898674e-06,0.000100000761449337,2.00001522898674e-06,50,0,0,0,0,0,1,1,1,1,0,,0,0,0,0,Editor-Cmd actor microbenchmark
no_render,50,7,5,0.13729999773204327,0.0027459999546408653,0.021500003640539944,8.600001456215978e-05,0.000200001522898674,4.00003045797348e-06,0.000100000761449337,2.00001522898674e-06,0.000100000761449337,2.00001522898674e-06,50,0,0,0,0,0,1,1,1,1,0,,0,0,0,0,Editor-Cmd actor microbenchmark
no_render,50,8,5,0.14210000517778099,0.0028420001035556197,0.024499997380189598,9.799998952075839e-05,0.000200001522898674,4.00003045797348e-06,0.000200001522898674,4.00003045797348e-06,0.000100000761449337,2.00001522898674e-06,50,0,0,0,0,0,1,1,1,1,0,,0,0,0,0,Editor-Cmd actor microbenchmark
no_render,50,9,5,0.1412999990861863,0.002825999981723726,0.022100008209235966,8.840003283694386e-05,0.000200001522898674,4.00003045797348e-06,0.000100000761449337,2.00001522898674e-06,0.000100000761449337,2.00001522898674e-06,50,0,0,0,0,0,1,1,1,1,0,,0,0,0,0,Editor-Cmd actor microbenchmark
no_render,100,0,5,0.29209999775048345,0.0029209999775048345,0.04199999966658652,8.399999933317304e-05,0.000200001522898674,2.00001522898674e-06,0.000100000761449337,1.00000761449337e-06,0.000100000761449337,1.00000761449337e-06,100,0,0,0,0,0,1,1,1,1,0,,0,0,0,0,Editor-Cmd actor microbenchmark
no_render,100,1,5,0.2838000073097646,0.0028380000730976462,0.04260000423528254,8.520000847056508e-05,0.000200001522898674,2.00001522898674e-06,0.000200001522898674,2.00001522898674e-06,0.000100000761449337,1.00000761449337e-06,100,0,0,0,0,0,1,1,1,1,0,,0,0,0,0,Editor-Cmd actor microbenchmark
no_render,100,2,5,0.28979999478906393,0.0028979999478906393,0.04299999272916466,8.599998545832932e-05,0.000200001522898674,2.00001522898674e-06,0.000100000761449337,1.00000761449337e-06,0.000100000761449337,1.00000761449337e-06,100,0,0,0,0,0,1,1,1,1,0,,0,0,0,0,Editor-Cmd actor microbenchmark
no_render,100,3,5,0.27480001153890043,0.0027480001153890043,0.03759999526664615,7.51999905332923e-05,0.000100000761449337,1.00000761449337e-06,0.000100000761449337,1.00000761449337e-06,0.000100000761449337,1.00000761449337e-06,100,0,0,0,0,0,1,1,1,1,0,,0,0,0,0,Editor-Cmd actor microbenchmark
no_render,100,4,5,0.21610000112559646,0.0021610000112559646,0.02720000338740647,5.440000677481294e-05,0.000200001522898674,2.00001522898674e-06,0.000200001522898674,2.00001522898674e-06,0.000100000761449337,1.00000761449337e-06,100,0,0,0,0,0,1,1,1,1,0,,0,0,0,0,Editor-Cmd actor microbenchmark
no_render,100,5,5,0.1756999990902841,0.001756999990902841,0.025299988919869065,5.059997783973813e-05,0.000100000761449337,1.00000761449337e-06,0.000100000761449337,1.00000761449337e-06,0.000100000761449337,1.00000761449337e-06,100,0,0,0,0,0,1,1,1,1,0,,0,0,0,0,Editor-Cmd actor microbenchmark
no_render,100,6,5,0.1725999900372699,0.001725999900372699,0.025000001187436283,5.0000002374872565e-05,0.000200001522898674,2.00001522898674e-06,0.000100000761449337,1.00000761449337e-06,0.000100000761449337,1.00000761449337e-06,100,0,0,0,0,0,1,1,1,1,0,,0,0,0,0,Editor-Cmd actor microbenchmark
no_render,100,7,5,0.2860999957192689,0.002860999957192689,0.04359999729786068,8.719999459572136e-05,0.000300002284348011,3.00002284348011e-06,0.000200001522898674,2.00001522898674e-06,0.000200001522898674,2.00001522898674e-06,100,0,0,0,0,0,1,1,1,1,0,,0,0,0,0,Editor-Cmd actor microbenchmark
no_render,100,8,5,0.2821000089170411,0.0028210000891704112,0.04870000702794641,9.740001405589283e-05,0.000300002284348011,3.00002284348011e-06,0.000100000761449337,1.00000761449337e-06,0.000100000761449337,1.00000761449337e-06,100,0,0,0,0,0,1,1,1,1,0,,0,0,0,0,Editor-Cmd actor microbenchmark
no_render,100,9,5,0.2837999927578494,0.002837999927578494,0.043199994252063334,8.639998850412667e-05,0.000200001522898674,2.00001522898674e-06,0.000100000761449337,1.00000761449337e-06,0.000100000761449337,1.00000761449337e-06,100,0,0,0,0,0,1,1,1,1,0,,0,0,0,0,Editor-Cmd actor microbenchmark
no_render,250,0,5,0.748799997381866,0.002995199989527464,0.0943000050028786,7.544000400230288e-05,0.00019998697098344564,7.999478839337826e-07,0.000200001522898674,8.00006091594696e-07,0.000100000761449337,4.00003045797348e-07,250,0,0,0,0,0,1,1,1,1,0,,0,0,0,0,Editor-Cmd actor microbenchmark
no_render,250,1,5,0.6277999927988276,0.0025111999711953104,0.06489999941550195,5.1919999532401564e-05,0.000200001522898674,8.00006091594696e-07,0.000100000761449337,4.00003045797348e-07,0.000100000761449337,4.00003045797348e-07,250,0,0,0,0,0,1,1,1,1,0,,0,0,0,0,Editor-Cmd actor microbenchmark
no_render,250,2,5,0.43259999074507505,0.0017303999629803002,0.06120000034570694,4.896000027656555e-05,0.000100000761449337,4.00003045797348e-07,0.000100000761449337,4.00003045797348e-07,0.000100000761449337,4.00003045797348e-07,250,0,0,0,0,0,1,1,1,1,0,,0,0,0,0,Editor-Cmd actor microbenchmark
no_render,250,3,5,0.44069999421481043,0.0017627999768592417,0.06049999501556158,4.839999601244926e-05,0.000100000761449337,4.00003045797348e-07,0.000100000761449337,4.00003045797348e-07,0.0,0.0,250,0,0,0,0,0,1,1,1,1,0,,0,0,0,0,Editor-Cmd actor microbenchmark
no_render,250,4,5,0.4307000053813681,0.0017228000215254724,0.06019999273121357,4.815999418497086e-05,0.000100000761449337,4.00003045797348e-07,0.0,0.0,0.0,0.0,250,0,0,0,0,0,1,1,1,1,0,,0,0,0,0,Editor-Cmd actor microbenchmark
no_render,250,5,5,0.8415999909630045,0.003366399963852018,0.145800004247576,0.0001166400033980608,0.000400003045797348,1.600012183189392e-06,0.000400003045797348,1.600012183189392e-06,0.000300002284348011,1.200009137392044e-06,250,0,0,0,0,0,1,1,1,1,0,,0,0,0,0,Editor-Cmd actor microbenchmark
no_render,250,6,5,0.739200011594221,0.002956800046376884,0.10340000153519213,8.272000122815371e-05,0.000300002284348011,1.200009137392044e-06,0.000200001522898674,8.00006091594696e-07,0.000200001522898674,8.00006091594696e-07,250,0,0,0,0,0,1,1,1,1,0,,0,0,0,0,Editor-Cmd actor microbenchmark
no_render,250,7,5,0.7396000000881031,0.0029584000003524125,0.10380000458098948,8.304000366479158e-05,0.00029998773243278265,1.1999509297311306e-06,0.000200001522898674,8.00006091594696e-07,0.000200001522898674,8.00006091594696e-07,250,0,0,0,0,0,1,1,1,1,0,,0,0,0,0,Editor-Cmd actor microbenchmark
no_render,250,8,5,0.71929999103304,0.00287719996413216,0.10379999002907425,8.30399920232594e-05,0.000300002284348011,1.200009137392044e-06,0.000200001522898674,8.00006091594696e-07,0.000200001522898674,8.00006091594696e-07,250,0,0,0,0,0,1,1,1,1,0,,0,0,0,0,Editor-Cmd actor microbenchmark
no_render,250,9,5,0.7443000067723915,0.002977200027089566,0.10699999984353781,8.559999987483025e-05,0.000300002284348011,1.200009137392044e-06,0.000200001522898674,8.00006091594696e-07,0.000100000761449337,4.00003045797348e-07,250,0,0,0,0,0,1,1,1,1,0,,0,0,0,0,Editor-Cmd actor microbenchmark
no_render,500,0,5,1.5510000084759668,0.0031020000169519335,0.23910000163596123,9.564000065438449e-05,0.000400003045797348,8.00006091594696e-07,0.000300002284348011,6.00004568696022e-07,0.000100000761449337,2.00001522898674e-07,500,0,0,0,0,0,1,1,1,1,0,,0,0,0,0,Editor-Cmd actor microbenchmark
no_render,500,1,5,2.2643999982392415,0.004528799996478483,0.22570000146515667,9.028000058606268e-05,0.000400003045797348,8.00006091594696e-07,0.000300002284348011,6.00004568696022e-07,0.000200001522898674,4.00003045797348e-07,500,0,0,0,0,0,1,1,1,1,0,,0,0,0,0,Editor-Cmd actor microbenchmark
no_render,500,2,5,1.4897000073688105,0.002979400014737621,0.22599998919758946,9.039999567903579e-05,0.000300002284348011,6.00004568696022e-07,0.000300002284348011,6.00004568696022e-07,0.000100000761449337,2.00001522898674e-07,500,0,0,0,0,0,1,1,1,1,0,,0,0,0,0,Editor-Cmd actor microbenchmark
no_render,500,3,5,1.514500007033348,0.003029000014066696,0.22529999841935933,9.011999936774373e-05,0.000400003045797348,8.00006091594696e-07,0.000200001522898674,4.00003045797348e-07,0.000200001522898674,4.00003045797348e-07,500,0,0,0,0,0,1,1,1,1,0,,0,0,0,0,Editor-Cmd actor microbenchmark
no_render,500,4,5,1.4719000027980655,0.002943800005596131,0.2440000098431483,9.760000393725932e-05,0.000300002284348011,6.00004568696022e-07,0.000300002284348011,6.00004568696022e-07,0.000200001522898674,4.00003045797348e-07,500,0,0,0,0,0,1,1,1,1,0,,0,0,0,0,Editor-Cmd actor microbenchmark
no_render,500,5,5,1.472999996622093,0.002945999993244186,0.23070001043379307,9.228000417351722e-05,0.000300002284348011,6.00004568696022e-07,0.00029998773243278265,5.999754648655653e-07,0.000100000761449337,2.00001522898674e-07,500,0,0,0,0,0,1,1,1,1,0,,0,0,0,0,Editor-Cmd actor microbenchmark
no_render,500,6,5,1.4898000081302598,0.0029796000162605196,0.2314000012120232,9.256000048480928e-05,0.000400003045797348,8.00006091594696e-07,0.000300002284348011,6.00004568696022e-07,0.000100000761449337,2.00001522898674e-07,500,0,0,0,0,0,1,1,1,1,0,,0,0,0,0,Editor-Cmd actor microbenchmark
no_render,500,7,5,1.4873000036459416,0.0029746000072918832,0.23180000425782055,9.272000170312822e-05,0.000400003045797348,8.00006091594696e-07,0.000300002284348011,6.00004568696022e-07,0.000200001522898674,4.00003045797348e-07,500,0,0,0,0,0,1,1,1,1,0,,0,0,0,0,Editor-Cmd actor microbenchmark
no_render,500,8,5,1.4918000088073313,0.0029836000176146626,0.2334000018890947,9.336000075563789e-05,0.000400003045797348,8.00006091594696e-07,0.00029998773243278265,5.999754648655653e-07,0.000100000761449337,2.00001522898674e-07,500,0,0,0,0,0,1,1,1,1,0,,0,0,0,0,Editor-Cmd actor microbenchmark
no_render,500,9,5,1.4907000004313886,0.0029814000008627772,0.2317000034963712,9.268000139854849e-05,0.000400003045797348,8.00006091594696e-07,0.000200001522898674,4.00003045797348e-07,0.000200001522898674,4.00003045797348e-07,500,0,0,0,0,0,1,1,1,1,0,,0,0,0,0,Editor-Cmd actor microbenchmark
billboard_label,10,0,5,5.15669999003876,0.515669999003876,0.46490000386256725,0.009298000077251345,0.002700006007216871,0.0002700006007216871,0.000200001522898674,2.00001522898674e-05,0.22050000552553684,0.022050000552553684,10,0,0,0,0,0,1,1,1,1,0,,0,0,0,0,Editor-Cmd actor microbenchmark
billboard_label,10,1,5,2.8205999988131225,0.28205999988131225,0.49249999574385583,0.009849999914877117,0.0026999914553016424,0.00026999914553016424,0.000300002284348011,3.00002284348011e-05,0.228899996727705,0.0228899996727705,10,0,0,0,0,0,1,1,1,1,0,,0,0,0,0,Editor-Cmd actor microbenchmark
billboard_label,10,2,5,2.3695999989286065,0.23695999989286065,0.43759999971371144,0.008751999994274229,0.0022000021999701858,0.00022000021999701858,0.000200001522898674,2.00001522898674e-05,0.13840000610798597,0.013840000610798597,10,0,0,0,0,0,1,1,1,1,0,,0,0,0,0,Editor-Cmd actor microbenchmark
billboard_label,10,3,5,2.213400002801791,0.22134000028017908,0.4383000050438568,0.008766000100877136,0.0024999899324029684,0.00024999899324029684,0.000200001522898674,2.00001522898674e-05,0.14000000373926014,0.014000000373926014,10,0,0,0,0,0,1,1,1,1,0,,0,0,0,0,Editor-Cmd actor microbenchmark
billboard_label,10,4,5,2.6097999943885952,0.2609799994388595,0.4434000002220273,0.008868000004440546,0.0021000014385208488,0.00021000014385208488,0.000200001522898674,2.00001522898674e-05,0.13689999468624592,0.013689999468624592,10,0,0,0,0,0,1,1,1,1,0,,0,0,0,0,Editor-Cmd actor microbenchmark
billboard_label,10,5,5,2.1755000052507967,0.21755000052507967,0.29630000062752515,0.005926000012550503,0.001500011421740055,0.0001500011421740055,0.000200001522898674,2.00001522898674e-05,0.10479999764356762,0.010479999764356762,10,0,0,0,0,0,1,1,1,1,0,,0,0,0,0,Editor-Cmd actor microbenchmark
billboard_label,10,6,5,1.992299992707558,0.1992299992707558,0.33830000029411167,0.006766000005882233,0.0019999861251562834,0.00019999861251562834,0.000200001522898674,2.00001522898674e-05,0.14069999451749027,0.014069999451749027,10,0,0,0,0,0,1,1,1,1,0,,0,0,0,0,Editor-Cmd actor microbenchmark
billboard_label,10,7,5,2.934800009825267,0.2934800009825267,0.4501999937929213,0.009003999875858426,0.0026000052457675338,0.0002600005245767534,0.000200001522898674,2.00001522898674e-05,0.17079999088309705,0.017079999088309705,10,0,0,0,0,0,1,1,1,1,0,,0,0,0,0,Editor-Cmd actor microbenchmark
billboard_label,10,8,5,2.852400008123368,0.2852400008123368,0.44750000233761966,0.008950000046752393,0.0020999868866056204,0.00020999868866056204,0.000200001522898674,2.00001522898674e-05,0.1419000036548823,0.014190000365488231,10,0,0,0,0,0,1,1,1,1,0,,0,0,0,0,Editor-Cmd actor microbenchmark
billboard_label,10,9,5,3.184100001817569,0.3184100001817569,0.447300000814721,0.00894600001629442,0.0023000029614195228,0.00023000029614195228,0.000300002284348011,3.00002284348011e-05,0.16850000247359276,0.016850000247359276,10,0,0,0,0,0,1,1,1,1,0,,0,0,0,0,Editor-Cmd actor microbenchmark
billboard_label,50,0,5,14.265999998315237,0.28531999996630475,2.1649999980581924,0.00865999999223277,0.006299989763647318,0.00012599979527294636,0.000300002284348011,6.00004568696022e-06,0.6120000034570694,0.012240000069141388,50,0,0,0,0,0,1,1,1,1,0,,0,0,0,0,Editor-Cmd actor microbenchmark
billboard_label,50,1,5,14.577299996744841,0.2915459999348968,2.1530999947572127,0.00861239997902885,0.006700007361359894,0.00013400014722719789,0.000300002284348011,6.00004568696022e-06,0.6113999988883734,0.012227999977767467,50,0,0,0,0,0,1,1,1,1,0,,0,0,0,0,Editor-Cmd actor microbenchmark
billboard_label,50,2,5,14.24260000931099,0.2848520001862198,2.1496000117622316,0.008598400047048926,0.006400005077011883,0.00012800010154023767,0.000400003045797348,8.00006091594696e-06,0.6005999894114211,0.012011999788228422,50,0,0,0,0,0,1,1,1,1,0,,0,0,0,0,Editor-Cmd actor microbenchmark
billboard_label,50,3,5,14.022000003024004,0.2804400000604801,2.1582000044872984,0.008632800017949194,0.006399990525096655,0.0001279998105019331,0.000300002284348011,6.00004568696022e-06,0.6190000131027773,0.012380000262055546,50,0,0,0,0,0,1,1,1,1,0,,0,0,0,0,Editor-Cmd actor microbenchmark
billboard_label,50,4,5,12.993700001970865,0.2598740000394173,1.6715999954612926,0.00668639998184517,0.0035999983083456755,7.199996616691351e-05,0.000200001522898674,4.00003045797348e-06,0.44450000859797,0.0088900001719594,50,0,0,0,0,0,1,1,1,1,0,,0,0,0,0,Editor-Cmd actor microbenchmark
billboard_label,50,5,5,12.370199998258613,0.24740399996517226,2.2473999997600913,0.008989599999040365,0.006200003554113209,0.00012400007108226418,0.000200001522898674,4.00003045797348e-06,0.6884999893372878,0.013769999786745757,50,0,0,0,0,0,1,1,1,1,0,,0,0,0,0,Editor-Cmd actor microbenchmark
billboard_label,50,6,5,12.016499997116625,0.2403299999423325,1.8363999988650903,0.007345599995460361,0.0035999983083456755,7.199996616691351e-05,0.00019998697098344564,3.999739419668913e-06,0.38660000427626073,0.007732000085525215,50,0,0,0,0,0,1,1,1,1,0,,0,0,0,0,Editor-Cmd actor microbenchmark
billboard_label,50,7,5,7.291599991731346,0.1458319998346269,1.9635000062407926,0.00785400002496317,0.005900001269765198,0.00011800002539530396,0.000200001522898674,4.00003045797348e-06,0.4332999960752204,0.008665999921504408,50,0,0,0,0,0,1,1,1,1,0,,0,0,0,0,Editor-Cmd actor microbenchmark
billboard_label,50,8,5,13.12770000367891,0.2625540000735782,2.1348000009311363,0.008539200003724545,0.006400005077011883,0.00012800010154023767,0.000300002284348011,6.00004568696022e-06,0.6063000037102029,0.012126000074204057,50,0,0,0,0,0,1,1,1,1,0,,0,0,0,0,Editor-Cmd actor microbenchmark
billboard_label,50,9,5,10.055499995360151,0.20110999990720302,1.7740000039339066,0.007096000015735626,0.003600012860260904,7.200025720521808e-05,0.000200001522898674,4.00003045797348e-06,0.4344999906606972,0.008689999813213944,50,0,0,0,0,0,1,1,1,1,0,,0,0,0,0,Editor-Cmd actor microbenchmark
billboard_label,100,0,5,23.459999996703118,0.23459999996703118,3.8984999991953373,0.007796999998390675,0.012299991794861853,0.00012299991794861853,0.000300002284348011,3.00002284348011e-06,1.4092000055825338,0.014092000055825338,100,0,0,0,0,0,1,1,1,1,0,,0,0,0,0,Editor-Cmd actor microbenchmark
billboard_label,100,1,5,30.793700003414415,0.30793700003414415,4.604500005370937,0.009209000010741875,0.012300006346777081,0.00012300006346777081,0.000500003807246685,5.00003807246685e-06,1.4090999902691692,0.014090999902691692,100,0,0,0,0,0,1,1,1,1,0,,0,0,0,0,Editor-Cmd actor microbenchmark
billboard_label,100,2,5,27.229200000874698,0.272292000008747,4.409400004078634,0.008818800008157268,0.012499993317760527,0.00012499993317760527,0.000300002284348011,3.00002284348011e-06,1.338200003374368,0.01338200003374368,100,0,0,0,0,0,1,1,1,1,0,,0,0,0,0,Editor-Cmd actor microbenchmark
billboard_label,100,3,5,32.107300008647144,0.32107300008647144,4.126100000576116,0.008252200001152232,0.011199997970834374,0.00011199997970834374,0.000300002284348011,3.00002284348011e-06,1.2829999905079603,0.012829999905079603,100,0,0,0,0,0,1,1,1,1,0,,0,0,0,0,Editor-Cmd actor microbenchmark
billboard_label,100,4,5,28.763499998603947,0.2876349999860395,4.215399996610358,0.008430799993220717,0.011900003300979733,0.00011900003300979733,0.00039998849388211966,3.9998849388211966e-06,1.4229000080376863,0.014229000080376863,100,0,0,0,0,0,1,1,1,1,0,,0,0,0,0,Editor-Cmd actor microbenchmark
billboard_label,100,5,5,22.720799999660812,0.22720799999660812,4.374700001790188,0.008749400003580377,0.011900003300979733,0.00011900003300979733,0.0004999892553314567,4.999892553314567e-06,1.4693999983137473,0.014693999983137473,100,0,0,0,0,0,1,1,1,1,0,,0,0,0,0,Editor-Cmd actor microbenchmark
billboard_label,100,6,5,31.278399997972883,0.31278399997972883,2.9636999970534816,0.005927399994106963,0.010200004908256233,0.00010200004908256233,0.000500003807246685,5.00003807246685e-06,1.2515000125858933,0.012515000125858933,100,0,0,0,0,0,1,1,1,1,0,,0,0,0,0,Editor-Cmd actor microbenchmark
billboard_label,100,7,5,19.819699999061413,0.19819699999061413,4.191899992292747,0.008383799984585494,0.010700008715502918,0.00010700008715502918,0.000500003807246685,5.00003807246685e-06,1.3749999925494194,0.013749999925494194,100,0,0,0,0,0,1,1,1,1,0,,0,0,0,0,Editor-Cmd actor microbenchmark
billboard_label,100,8,5,27.253899999777786,0.27253899999777786,4.275300001609139,0.008550600003218278,0.013700002455152571,0.0001370000245515257,0.000900006853044033,9.00006853044033e-06,1.571700006024912,0.01571700006024912,100,0,0,0,0,0,1,1,1,1,0,,0,0,0,0,Editor-Cmd actor microbenchmark
billboard_label,100,9,5,22.311000007903203,0.22311000007903203,4.139299999224022,0.008278599998448044,0.012100004823878407,0.00012100004823878407,0.000300002284348011,3.00002284348011e-06,1.3878000027034432,0.013878000027034432,100,0,0,0,0,0,1,1,1,1,0,,0,0,0,0,Editor-Cmd actor microbenchmark
billboard_label,250,0,5,78.47589999437332,0.3139035999774933,10.907400006544776,0.00872592000523582,0.026500012609176338,0.00010600005043670535,0.000600004568696022,2.400018274784088e-06,3.940900001907721,0.015763600007630885,250,0,0,0,0,0,1,1,1,1,0,,0,0,0,0,Editor-Cmd actor microbenchmark
billboard_label,250,1,5,93.86670000094455,0.3754668000037782,12.211100009153597,0.009768880007322877,0.026599998818710446,0.00010639999527484179,0.000800006091594696,3.200024366378784e-06,4.942199986544438,0.01976879994617775,250,0,0,0,0,0,1,1,1,1,0,,0,0,0,0,Editor-Cmd actor microbenchmark
billboard_label,250,2,5,90.64020001096651,0.36256080004386604,12.810300002456643,0.010248240001965314,0.02719998883549124,0.00010879995534196496,0.000700005330145359,2.800021320581436e-06,4.723799997009337,0.018895199988037348,250,0,0,0,0,0,1,1,1,1,0,,0,0,0,0,Editor-Cmd actor microbenchmark
billboard_label,250,3,5,81.5355999948224,0.3261423999792896,13.17229999403935,0.010537839995231479,0.03159999323543161,0.00012639997294172645,0.0012999953469261527,5.199981387704611e-06,5.0786999927368015,0.020314799970947206,250,0,0,0,0,0,1,1,1,1,0,,0,0,0,0,Editor-Cmd actor microbenchmark
billboard_label,250,4,5,94.96679999574553,0.37986719998298213,11.544399996637367,0.009235519997309894,0.028700000257231295,0.00011480000102892518,0.000900006853044033,3.600027412176132e-06,4.860399989411235,0.01944159995764494,250,0,0,0,0,0,1,1,1,1,0,,0,0,0,0,Editor-Cmd actor microbenchmark
billboard_label,250,5,5,86.37720000115223,0.34550880000460893,12.582900002598763,0.01006632000207901,0.02649999805726111,0.00010599999222904444,0.000400003045797348,1.600012183189392e-06,5.004699996788986,0.020018799987155944,250,0,0,0,0,0,1,1,1,1,0,,0,0,0,0,Editor-Cmd actor microbenchmark
billboard_label,250,6,5,83.59520000522025,0.334380800020881,12.92480000120122,0.010339840000960976,0.028099995688535273,0.00011239998275414109,0.0021000014385208488,8.400005754083395e-06,5.4610999941360205,0.021844399976544082,250,0,0,0,0,0,1,1,1,1,0,,0,0,0,0,Editor-Cmd actor microbenchmark
billboard_label,250,7,5,94.36860001005698,0.3774744000402279,10.924999995040707,0.008739999996032565,0.025500004994682968,0.00010200001997873187,0.000600004568696022,2.400018274784088e-06,4.580499997246079,0.018321999988984317,250,0,0,0,0,0,1,1,1,1,0,,0,0,0,0,Editor-Cmd actor microbenchmark
billboard_label,250,8,5,86.16240000992548,0.3446496000397019,10.909400007221848,0.008727520005777478,0.02680000034160912,0.00010720000136643648,0.0006999907782301307,2.7999631129205227e-06,4.5664000062970445,0.018265600025188178,250,0,0,0,0,0,1,1,1,1,0,,0,0,0,0,Editor-Cmd actor microbenchmark
billboard_label,250,9,5,68.32560000475496,0.27330240001901984,10.81049999629613,0.008648399997036904,0.0261999957729131,0.0001047999830916524,0.000700005330145359,2.800021320581436e-06,4.59959999716375,0.018398399988655,250,0,0,0,0,0,1,1,1,1,0,,0,0,0,0,Editor-Cmd actor microbenchmark
billboard_label,500,0,5,181.41689999902155,0.3628337999980431,21.50229999097064,0.008600919996388257,0.05669999518431723,0.00011339999036863446,0.0004999892553314567,9.999785106629133e-07,9.524100009002723,0.019048200018005446,500,0,0,0,0,0,1,1,1,1,0,,0,0,0,0,Editor-Cmd actor microbenchmark
billboard_label,500,1,5,167.40889998618513,0.33481779997237027,20.888300001388416,0.008355320000555366,0.0518000015290454,0.0001036000030580908,0.0009999930625781417,1.9999861251562834e-06,11.173300008522347,0.022346600017044693,500,0,0,0,0,0,1,1,1,1,0,,0,0,0,0,Editor-Cmd actor microbenchmark
billboard_label,500,2,5,209.1937999939546,0.4183875999879092,21.56400000967551,0.008625600003870203,0.05190000229049474,0.00010380000458098948,0.000600004568696022,1.200009137392044e-06,10.451399997691624,0.020902799995383248,500,0,0,0,0,0,1,1,1,1,0,,0,0,0,0,Editor-Cmd actor microbenchmark
billboard_label,500,3,5,203.46179998887237,0.40692359997774474,21.89380000345409,0.008757520001381636,0.08339999476447701,0.00016679998952895403,0.0005999900167807937,1.1999800335615873e-06,11.167999997269362,0.022335999994538724,500,0,0,0,0,0,1,1,1,1,0,,0,0,0,0,Editor-Cmd actor microbenchmark
billboard_label,500,4,5,206.04379998985678,0.41208759997971356,21.747399994637817,0.008698959997855128,0.051700000767596066,0.00010340000153519213,0.000500003807246685,1.00000761449337e-06,11.484499991638586,0.022968999983277172,500,0,0,0,0,0,1,1,1,1,0,,0,0,0,0,Editor-Cmd actor microbenchmark
billboard_label,500,5,5,198.025100005907,0.396050200011814,20.139100000960752,0.008055640000384301,0.052400006097741425,0.00010480001219548285,0.000500003807246685,1.00000761449337e-06,12.213600013637915,0.02442720002727583,500,0,0,0,0,0,1,1,1,1,0,,0,0,0,0,Editor-Cmd actor microbenchmark
billboard_label,500,6,5,204.8524000128964,0.4097048000257928,21.218499998212792,0.008487399999285116,0.051700000767596066,0.00010340000153519213,0.000500003807246685,1.00000761449337e-06,12.612199992872775,0.02522439998574555,500,0,0,0,0,0,1,1,1,1,0,,0,0,0,0,Editor-Cmd actor microbenchmark
billboard_label,500,7,5,213.1260000023758,0.4262520000047516,21.800300004542805,0.008720120001817122,0.0523999915458262,0.0001047999830916524,0.000500003807246685,1.00000761449337e-06,12.951299999258481,0.025902599998516962,500,0,0,0,0,0,1,1,1,1,0,,0,0,0,0,Editor-Cmd actor microbenchmark
billboard_label,500,8,5,201.26289999461733,0.40252579998923466,18.539700002293102,0.007415880000917241,0.05360000068321824,0.00010720000136643648,0.0032999960239976645,6.599992047995329e-06,13.626800006022677,0.027253600012045354,500,0,0,0,0,0,1,1,1,1,0,,0,0,0,0,Editor-Cmd actor microbenchmark
billboard_label,500,9,5,209.20909999404103,0.41841819998808205,21.728499996243045,0.008691399998497218,0.05129999772179872,0.00010259999544359744,0.000700005330145359,1.400010660290718e-06,13.9603999996325,0.027920799999265,500,0,0,0,0,0,1,1,1,1,0,,0,0,0,0,Editor-Cmd actor microbenchmark
box_proxy,10,0,5,4.165999998804182,0.4165999998804182,0.6101999897509813,0.012203999795019627,0.09890001092571765,0.009890001092571765,0.000300002284348011,3.00002284348011e-05,0.4017999890493229,0.04017999890493229,10,10,10,10,10,10,1,1,1,1,0,,0,0,0,0,Editor-Cmd actor microbenchmark
box_proxy,10,1,5,3.5668999917106703,0.35668999917106703,0.6123999919509515,0.01224799983901903,0.09689999569673091,0.009689999569673091,0.000300002284348011,3.00002284348011e-05,0.3605999954743311,0.03605999954743311,10,10,10,10,10,10,1,1,1,1,0,,0,0,0,0,Editor-Cmd actor microbenchmark
box_proxy,10,2,5,3.596599999582395,0.3596599999582395,0.6076999998185784,0.012153999996371567,0.0973999995039776,0.00973999995039776,0.000300002284348011,3.00002284348011e-05,0.35400000342633575,0.035400000342633575,10,10,10,10,10,10,1,1,1,1,0,,0,0,0,0,Editor-Cmd actor microbenchmark
box_proxy,10,3,5,3.5351999977137893,0.35351999977137893,0.6275000050663948,0.012550000101327896,0.10219999239780009,0.010219999239780009,0.000300002284348011,3.00002284348011e-05,0.35689999640453607,0.03568999964045361,10,10,10,10,10,10,1,1,1,1,0,,0,0,0,0,Editor-Cmd actor microbenchmark
box_proxy,10,4,5,3.7620000075548887,0.3762000007554889,0.6047999922884628,0.012095999845769256,0.09729999874252826,0.009729999874252826,0.000300002284348011,3.00002284348011e-05,0.3732999903149903,0.03732999903149903,10,10,10,10,10,10,1,1,1,1,0,,0,0,0,0,Editor-Cmd actor microbenchmark
box_proxy,10,5,5,3.572000001440756,0.3572000001440756,0.59710000641644,0.0119420001283288,0.09560000034980476,0.009560000034980476,0.000200001522898674,2.00001522898674e-05,0.35009998828172684,0.035009998828172684,10,10,10,10,10,10,1,1,1,1,0,,0,0,0,0,Editor-Cmd actor microbenchmark
box_proxy,10,6,5,3.6048000038135797,0.36048000038135797,0.5990999925415963,0.011981999850831926,0.09619999036658555,0.009619999036658555,0.000300002284348011,3.00002284348011e-05,0.3549999964889139,0.03549999964889139,10,10,10,10,10,10,1,1,1,1,0,,0,0,0,0,Editor-Cmd actor microbenchmark
box_proxy,10,7,5,3.6771000013686717,0.36771000013686717,0.6050999945728108,0.012101999891456217,0.1016999885905534,0.01016999885905534,0.000300002284348011,3.00002284348011e-05,0.36439999530557543,0.03643999953055754,10,10,10,10,10,10,1,1,1,1,0,,0,0,0,0,Editor-Cmd actor microbenchmark
box_proxy,10,8,5,3.5530000022845343,0.3553000002284534,0.5990000063320622,0.011980000126641244,0.09819999104365706,0.009819999104365706,0.000300002284348011,3.00002284348011e-05,0.3445000038482249,0.03445000038482249,10,10,10,10,10,10,1,1,1,1,0,,0,0,0,0,Editor-Cmd actor microbenchmark
box_proxy,10,9,5,3.760599996894598,0.3760599996894598,0.6178999901749194,0.012357999803498387,0.09539999882690609,0.009539999882690609,0.000400003045797348,4.00003045797348e-05,0.3547999949660152,0.03547999949660152,10,10,10,10,10,10,1,1,1,1,0,,0,0,0,0,Editor-Cmd actor microbenchmark
box_proxy,50,0,5,18.095099992933683,0.36190199985867366,2.9522999975597486,0.011809199990238994,0.45029999455437064,0.009005999891087413,0.00039998849388211966,7.999769877642393e-06,1.618100010091439,0.03236200020182878,50,50,50,50,50,50,1,1,1,1,0,,0,0,0,0,Editor-Cmd actor microbenchmark
box_proxy,50,1,5,18.000899988692254,0.3600179997738451,2.939800004241988,0.011759200016967952,0.45760000648442656,0.009152000129688531,0.000400003045797348,8.00006091594696e-06,1.6015000001061708,0.032030000002123415,50,50,50,50,50,50,1,1,1,1,0,,0,0,0,0,Editor-Cmd actor microbenchmark
box_proxy,50,2,5,15.13899999554269,0.3027799999108538,3.0138000001898035,0.012055200000759214,0.45449999743141234,0.009089999948628247,0.000400003045797348,8.00006091594696e-06,1.6394999984186143,0.032789999968372285,50,50,50,50,50,50,1,1,1,1,0,,0,0,0,0,Editor-Cmd actor microbenchmark
box_proxy,50,3,5,17.955700008315034,0.3591140001663007,2.9842999938409775,0.01193719997536391,0.4386000073282048,0.008772000146564096,0.000300002284348011,6.00004568696022e-06,1.655100000789389,0.03310200001578778,50,50,50,50,50,50,1,1,1,1,0,,0,0,0,0,Editor-Cmd actor microbenchmark
box_proxy,50,4,5,17.948699998669326,0.3589739999733865,2.9572999919764698,0.011829199967905879,0.4411999980220571,0.008823999960441142,0.000400003045797348,8.00006091594696e-06,1.6524999955436215,0.03304999991087243,50,50,50,50,50,50,1,1,1,1,0,,0,0,0,0,Editor-Cmd actor microbenchmark
box_proxy,50,5,5,18.17099998879712,0.3634199997759424,2.970900008222088,0.011883600032888353,0.4918999911751598,0.009837999823503196,0.000400003045797348,8.00006091594696e-06,1.7151999927591532,0.034303999855183065,50,50,50,50,50,50,1,1,1,1,0,,0,0,0,0,Editor-Cmd actor microbenchmark
box_proxy,50,6,5,18.469000002369285,0.3693800000473857,2.9937000072095543,0.011974800028838217,0.4626000009011477,0.009252000018022954,0.00029998773243278265,5.999754648655653e-06,1.6622999974060804,0.03324599994812161,50,50,50,50,50,50,1,1,1,1,0,,0,0,0,0,Editor-Cmd actor microbenchmark
box_proxy,50,7,5,18.047899997327477,0.36095799994654953,2.9643000016221777,0.01185720000648871,0.4487999976845458,0.008975999953690916,0.000400003045797348,8.00006091594696e-06,1.724300003843382,0.03448600007686764,50,50,50,50,50,50,1,1,1,1,0,,0,0,0,0,Editor-Cmd actor microbenchmark
box_proxy,50,8,5,17.99699998809956,0.3599399997619912,2.964700004667975,0.0118588000186719,0.4436999879544601,0.008873999759089202,0.000400003045797348,8.00006091594696e-06,1.6714999946998432,0.033429999893996865,50,50,50,50,50,50,1,1,1,1,0,,0,0,0,0,Editor-Cmd actor microbenchmark
box_proxy,50,9,5,18.739799998002127,0.37479599996004254,2.9900000081397593,0.011960000032559037,0.4680999991251156,0.009361999982502311,0.000400003045797348,8.00006091594696e-06,1.7120999982580543,0.034241999965161085,50,50,50,50,50,50,1,1,1,1,0,,0,0,0,0,Editor-Cmd actor microbenchmark
box_proxy,100,0,5,37.23680000985041,0.3723680000985041,5.982300004689023,0.011964600009378046,0.8956000092439353,0.008956000092439353,0.000400003045797348,4.00003045797348e-06,3.3401999971829355,0.033401999971829355,100,100,100,100,100,100,1,1,1,1,0,,0,0,0,0,Editor-Cmd actor microbenchmark
box_proxy,100,1,5,37.101800000527874,0.37101800000527874,5.884799989871681,0.011769599979743361,0.8717000018805265,0.008717000018805265,0.000500003807246685,5.00003807246685e-06,3.3164000051328912,0.03316400005132891,100,100,100,100,100,100,1,1,1,1,0,,0,0,0,0,Editor-Cmd actor microbenchmark
box_proxy,100,2,5,31.156600001850165,0.31156600001850165,5.967799996142276,0.011935599992284551,0.8871000027284026,0.008871000027284026,0.000400003045797348,4.00003045797348e-06,3.3777000062400475,0.033777000062400475,100,100,100,100,100,100,1,1,1,1,0,,0,0,0,0,Editor-Cmd actor microbenchmark
box_proxy,100,3,5,37.01230000297073,0.3701230000297073,5.915000001550652,0.011830000003101304,0.8972000068752095,0.008972000068752095,0.000400003045797348,4.00003045797348e-06,3.3694000012474135,0.033694000012474135,100,100,100,100,100,100,1,1,1,1,0,,0,0,0,0,Editor-Cmd actor microbenchmark
box_proxy,100,4,5,35.03869999258313,0.35038699992583133,5.765199995948933,0.011530399991897866,1.021399992168881,0.01021399992168881,0.0004999892553314567,4.999892553314567e-06,2.477100002579391,0.02477100002579391,100,100,100,100,100,100,1,1,1,1,0,,0,0,0,0,Editor-Cmd actor microbenchmark
box_proxy,100,5,5,36.91309998976067,0.36913099989760667,6.047899994882755,0.01209579998976551,0.8728999964660034,0.008728999964660034,0.000500003807246685,5.00003807246685e-06,3.3904000010807067,0.03390400001080707,100,100,100,100,100,100,1,1,1,1,0,,0,0,0,0,Editor-Cmd actor microbenchmark
box_proxy,100,6,5,37.989799995557405,0.37989799995557405,5.908799997996539,0.011817599995993078,0.8853000035742298,0.008853000035742298,0.00039998849388211966,3.9998849388211966e-06,3.428700001677498,0.03428700001677498,100,100,100,100,100,100,1,1,1,1,0,,0,0,0,0,Editor-Cmd actor microbenchmark
box_proxy,100,7,5,35.48700000101235,0.3548700000101235,5.887399995117448,0.011774799990234897,0.8782000077189878,0.008782000077189878,0.000500003807246685,5.00003807246685e-06,3.434800004470162,0.03434800004470162,100,100,100,100,100,100,1,1,1,1,0,,0,0,0,0,Editor-Cmd actor microbenchmark
box_proxy,100,8,5,37.55339999042917,0.3755339999042917,5.955900007393211,0.011911800014786422,0.8976000099210069,0.008976000099210069,0.000400003045797348,4.00003045797348e-06,3.5386000090511516,0.035386000090511516,100,100,100,100,100,100,1,1,1,1,0,,0,0,0,0,Editor-Cmd actor microbenchmark
box_proxy,100,9,5,30.793900004937313,0.30793900004937313,5.405500007327646,0.010811000014655292,0.8712999988347292,0.008712999988347292,0.000600004568696022,6.00004568696022e-06,3.32400000479538,0.0332400000479538,100,100,100,100,100,100,1,1,1,1,0,,0,0,0,0,Editor-Cmd actor microbenchmark
box_proxy,250,0,5,90.77199999592267,0.3630879999836907,15.067600004840642,0.012054080003872513,2.7172999980393797,0.010869199992157519,0.000600004568696022,2.400018274784088e-06,8.165500010363758,0.03266200004145503,250,250,250,250,250,250,1,1,1,1,0,,0,0,0,0,Editor-Cmd actor microbenchmark
box_proxy,250,1,5,76.04109999374487,0.30416439997497946,15.760400012368336,0.01260832000989467,2.3354000004474074,0.00934160000178963,0.0006999907782301307,2.7999631129205227e-06,9.207299997797236,0.03682919999118894,250,250,250,250,250,250,1,1,1,1,0,,0,0,0,0,Editor-Cmd actor microbenchmark
box_proxy,250,2,5,99.70500000054017,0.39882000000216067,14.398699990124442,0.011518959992099554,2.3861999943619594,0.009544799977447838,0.0006999907782301307,2.7999631129205227e-06,9.611300003598444,0.03844520001439378,250,250,250,250,250,250,1,1,1,1,0,,0,0,0,0,Editor-Cmd actor microbenchmark
box_proxy,250,3,5,98.9767999999458,0.3959071999997832,14.791300010983832,0.011833040008787066,2.1412999922176823,0.00856519996887073,0.000500003807246685,2.00001522898674e-06,8.615100014139898,0.03446040005655959,250,250,250,250,250,250,1,1,1,1,0,,0,0,0,0,Editor-Cmd actor microbenchmark
box_proxy,250,4,5,101.9763999938732,0.4079055999754928,14.95969999814406,0.011967759998515248,2.1194000000832602,0.008477600000333041,0.00039998849388211966,1.5999539755284786e-06,7.745800001430325,0.0309832000057213,250,250,250,250,250,250,1,1,1,1,0,,0,0,0,0,Editor-Cmd actor microbenchmark
box_proxy,250,5,5,66.90000000526197,0.2676000000210479,15.07250001304783,0.012058000010438264,2.249799988931045,0.00899919995572418,0.0004999892553314567,1.9999570213258266e-06,7.535500000813045,0.03014200000325218,250,250,250,250,250,250,1,1,1,1,0,,0,0,0,0,Editor-Cmd actor microbenchmark
box_proxy,250,6,5,69.24440000148024,0.276977600005921,15.01839999400545,0.01201471999520436,2.282000001287088,0.009128000005148351,0.000800006091594696,3.200024366378784e-06,8.574299994506873,0.03429719997802749,250,250,250,250,250,250,1,1,1,1,0,,0,0,0,0,Editor-Cmd actor microbenchmark
box_proxy,250,7,5,74.65369999408722,0.2986147999763489,13.798700005281717,0.011038960004225374,2.2440000029746443,0.008976000011898577,0.000500003807246685,2.00001522898674e-06,5.117900000186637,0.020471600000746548,250,250,250,250,250,250,1,1,1,1,0,,0,0,0,0,Editor-Cmd actor microbenchmark
box_proxy,250,8,5,73.2994999998482,0.2931979999993928,14.620300004025921,0.011696240003220736,2.2385000047506765,0.008954000019002706,0.00039998849388211966,1.5999539755284786e-06,8.750100008910522,0.03500040003564209,250,250,250,250,250,250,1,1,1,1,0,,0,0,0,0,Editor-Cmd actor microbenchmark
box_proxy,250,9,5,70.4933999950299,0.2819735999801196,14.826399987214245,0.011861119989771397,2.1775999921374023,0.00871039996854961,0.0005999900167807937,2.3999600671231747e-06,8.85769999877084,0.03543079999508336,250,250,250,250,250,250,1,1,1,1,0,,0,0,0,0,Editor-Cmd actor microbenchmark
box_proxy,500,0,5,162.06879999663215,0.3241375999932643,31.901900001685135,0.012760760000674054,5.260699996142648,0.010521399992285296,0.000500003807246685,1.00000761449337e-06,17.572900003870018,0.035145800007740036,500,500,500,500,500,500,1,1,1,1,0,,0,0,0,0,Editor-Cmd actor microbenchmark
box_proxy,500,1,5,162.01110000838526,0.3240222000167705,30.41520000260789,0.012166080001043156,4.441700002644211,0.008883400005288422,0.0004999892553314567,9.999785106629133e-07,19.08209999965038,0.03816419999930076,500,500,500,500,500,500,1,1,1,1,0,,0,0,0,0,Editor-Cmd actor microbenchmark
box_proxy,500,2,5,185.05829999048728,0.37011659998097457,30.80259999842383,0.012321039999369532,4.529600002570078,0.009059200005140156,0.000600004568696022,1.200009137392044e-06,21.155499998712912,0.042310999997425824,500,500,500,500,500,500,1,1,1,1,0,,0,0,0,0,Editor-Cmd actor microbenchmark
box_proxy,500,3,5,201.42140000825748,0.40284280001651496,30.566200002795085,0.012226480001118034,4.408000007970259,0.008816000015940517,0.000700005330145359,1.400010660290718e-06,18.866699989303015,0.03773339997860603,500,500,500,500,500,500,1,1,1,1,0,,0,0,0,0,Editor-Cmd actor microbenchmark
box_proxy,500,4,5,238.35280000639614,0.4767056000127923,32.09500000230037,0.012838000000920146,4.598800005624071,0.009197600011248142,0.000700005330145359,1.400010660290718e-06,22.919399998500012,0.045838799997000024,500,500,500,500,500,500,1,1,1,1,0,,0,0,0,0,Editor-Cmd actor microbenchmark
box_proxy,500,5,5,203.85499999974854,0.4077099999994971,30.65000000060536,0.012260000000242143,4.417300006025471,0.008834600012050942,0.000700005330145359,1.400010660290718e-06,23.114499999792315,0.04622899999958463,500,500,500,500,500,500,1,1,1,1,0,,0,0,0,0,Editor-Cmd actor microbenchmark
box_proxy,500,6,5,230.9363999956986,0.4618727999913972,31.724400003440678,0.012689760001376272,4.982500002370216,0.009965000004740432,0.0006999907782301307,1.3999815564602613e-06,23.925300003611483,0.047850600007222965,500,500,500,500,500,500,1,1,1,1,0,,0,0,0,0,Editor-Cmd actor microbenchmark
box_proxy,500,7,5,224.0204999980051,0.4480409999960102,30.696200003148988,0.012278480001259594,4.63520000630524,0.00927040001261048,0.000400003045797348,8.00006091594696e-07,20.148800002061762,0.040297600004123524,500,500,500,500,500,500,1,1,1,1,0,,0,0,0,0,Editor-Cmd actor microbenchmark
box_proxy,500,8,5,227.57079999428242,0.45514159998856485,33.93360000336543,0.01357344000134617,4.855199993471615,0.00971039998694323,0.000900006853044033,1.800013706088066e-06,23.770499989041127,0.047540999978082255,500,500,500,500,500,500,1,1,1,1,0,,0,0,0,0,Editor-Cmd actor microbenchmark
box_proxy,500,9,5,244.54620000324212,0.48909240000648424,32.46789998956956,0.012987159995827825,4.851200006669387,0.009702400013338774,0.0007999915396794677,1.5999830793589354e-06,23.02570000756532,0.04605140001513064,500,500,500,500,500,500,1,1,1,1,0,,0,0,0,0,Editor-Cmd actor microbenchmark
ellipsoid_proxy,10,0,5,2.999200005433522,0.2999200005433522,0.4532000020844862,0.009064000041689724,0.0619000056758523,0.00619000056758523,0.000500003807246685,5.00003807246685e-05,0.44949998846277595,0.044949998846277595,10,10,10,10,10,10,1,1,1,1,0,,0,0,0,0,Editor-Cmd actor microbenchmark
ellipsoid_proxy,10,1,5,4.008100004284643,0.40081000042846426,0.47169999743346125,0.009433999948669225,0.059999991208314896,0.0059999991208314896,0.0004999892553314567,4.9998925533145666e-05,0.48260000767186284,0.048260000767186284,10,10,10,10,10,10,1,1,1,1,0,,0,0,0,0,Editor-Cmd actor microbenchmark
ellipsoid_proxy,10,2,5,3.2492000027559698,0.324920000275597,0.31579998903907835,0.006315999780781567,0.05599998985417187,0.005599998985417187,0.000300002284348011,3.00002284348011e-05,0.4773999971803278,0.04773999971803278,10,10,10,10,10,10,1,1,1,1,0,,0,0,0,0,Editor-Cmd actor microbenchmark
ellipsoid_proxy,10,3,5,3.33360000513494,0.333360000513494,0.46130000555422157,0.009226000111084431,0.0543000060133636,0.00543000060133636,0.000200001522898674,2.00001522898674e-05,0.45779999345541,0.045779999345541,10,10,10,10,10,10,1,1,1,1,0,,0,0,0,0,Editor-Cmd actor microbenchmark
ellipsoid_proxy,10,4,5,3.3894999942276627,0.33894999942276627,0.44489999709185213,0.008897999941837043,0.05299999611452222,0.005299999611452222,0.000300002284348011,3.00002284348011e-05,0.4361000028438866,0.04361000028438866,10,10,10,10,10,10,1,1,1,1,0,,0,0,0,0,Editor-Cmd actor microbenchmark
ellipsoid_proxy,10,5,5,3.381000002264045,0.3381000002264045,0.4562999965855852,0.009125999931711704,0.05840000812895596,0.005840000812895596,0.000300002284348011,3.00002284348011e-05,0.45680000039283186,0.045680000039283186,10,10,10,10,10,10,1,1,1,1,0,,0,0,0,0,Editor-Cmd actor microbenchmark
ellipsoid_proxy,10,6,5,3.4016999998129904,0.34016999998129904,0.4572999896481633,0.009145999792963266,0.05400000372901559,0.005400000372901559,0.000300002284348011,3.00002284348011e-05,0.45989999489393085,0.045989999489393085,10,10,10,10,10,10,1,1,1,1,0,,0,0,0,0,Editor-Cmd actor microbenchmark
ellipsoid_proxy,10,7,5,3.3678999898256734,0.33678999898256734,0.44970000453758985,0.008994000090751797,0.05370000144466758,0.005370000144466758,0.000300002284348011,3.00002284348011e-05,0.45370000589173287,0.04537000058917329,10,10,10,10,10,10,1,1,1,1,0,,0,0,0,0,Editor-Cmd actor microbenchmark
ellipsoid_proxy,10,8,5,3.360600006999448,0.3360600006999448,0.4425999941304326,0.008851999882608652,0.05329999839887023,0.005329999839887023,0.000300002284348011,3.00002284348011e-05,0.4638999962480739,0.04638999962480739,10,10,10,10,10,10,1,1,1,1,0,,0,0,0,0,Editor-Cmd actor microbenchmark
ellipsoid_proxy,10,9,5,3.3737000048859045,0.33737000048859045,0.44809999235440046,0.008961999847088009,0.053799987654201686,0.005379998765420169,0.000200001522898674,2.00001522898674e-05,0.4718999989563599,0.04718999989563599,10,10,10,10,10,10,1,1,1,1,0,,0,0,0,0,Editor-Cmd actor microbenchmark
ellipsoid_proxy,50,0,5,17.243799986317754,0.3448759997263551,2.152899993234314,0.008611599972937256,0.2947999892057851,0.005895999784115702,0.000300002284348011,6.00004568696022e-06,1.9395000126678497,0.03879000025335699,50,50,50,50,50,50,1,1,1,1,0,,0,0,0,0,Editor-Cmd actor microbenchmark
ellipsoid_proxy,50,1,5,17.25189998978749,0.3450379997957498,2.1612999989883974,0.00864519999595359,0.27689999842550606,0.005537999968510121,0.000500003807246685,1.00000761449337e-05,1.8814000068232417,0.037628000136464834,50,50,50,50,50,50,1,1,1,1,0,,0,0,0,0,Editor-Cmd actor microbenchmark
ellipsoid_proxy,50,2,5,17.215500003658235,0.3443100000731647,2.158499992219731,0.008633999968878925,0.2825999981723726,0.005651999963447452,0.000400003045797348,8.00006091594696e-06,2.1943000028841197,0.043886000057682395,50,50,50,50,50,50,1,1,1,1,0,,0,0,0,0,Editor-Cmd actor microbenchmark
ellipsoid_proxy,50,3,5,9.601099998690188,0.19202199997380376,2.2028999956091866,0.008811599982436746,0.26539999817032367,0.005307999963406473,0.000300002284348011,6.00004568696022e-06,2.2074000007705763,0.044148000015411526,50,50,50,50,50,50,1,1,1,1,0,,0,0,0,0,Editor-Cmd actor microbenchmark
ellipsoid_proxy,50,4,5,17.361000005621463,0.34722000011242926,2.192200001445599,0.008768800005782396,0.2972999936901033,0.005945999873802066,0.000500003807246685,1.00000761449337e-05,2.244599992991425,0.0448919998598285,50,50,50,50,50,50,1,1,1,1,0,,0,0,0,0,Editor-Cmd actor microbenchmark
ellipsoid_proxy,50,5,5,17.551100012497045,0.3510220002499409,2.140199998393655,0.00856079999357462,0.26709999656304717,0.005341999931260943,0.000400003045797348,8.00006091594696e-06,2.223999996203929,0.044479999924078584,50,50,50,50,50,50,1,1,1,1,0,,0,0,0,0,Editor-Cmd actor microbenchmark
ellipsoid_proxy,50,6,5,17.090399996959604,0.3418079999391921,2.1492000087164342,0.008596800034865737,0.2783999952953309,0.005567999905906618,0.000300002284348011,6.00004568696022e-06,2.01569999626372,0.0403139999252744,50,50,50,50,50,50,1,1,1,1,0,,0,0,0,0,Editor-Cmd actor microbenchmark
ellipsoid_proxy,50,7,5,16.89490000717342,0.3378980001434684,2.228500001365319,0.008914000005461276,0.3264999977545813,0.0065299999550916255,0.0006999907782301307,1.3999815564602613e-05,2.2769000061089173,0.045538000122178346,50,50,50,50,50,50,1,1,1,1,0,,0,0,0,0,Editor-Cmd actor microbenchmark
ellipsoid_proxy,50,8,5,17.583799999556504,0.3516759999911301,2.198099988163449,0.008792399952653795,0.28229999588802457,0.005645999917760491,0.00039998849388211966,7.999769877642393e-06,2.24240000534337,0.0448480001068674,50,50,50,50,50,50,1,1,1,1,0,,0,0,0,0,Editor-Cmd actor microbenchmark
ellipsoid_proxy,50,9,5,17.300999999861233,0.34601999999722466,2.1689000132028013,0.008675600052811205,0.3020000003743917,0.0060400000074878335,0.000500003807246685,1.00000761449337e-05,2.258699998492375,0.0451739999698475,50,50,50,50,50,50,1,1,1,1,0,,0,0,0,0,Editor-Cmd actor microbenchmark
ellipsoid_proxy,100,0,5,30.467200005659834,0.30467200005659834,4.157000003033318,0.008314000006066635,0.5143000016687438,0.005143000016687438,0.001100008375942707,1.100008375942707e-05,4.594099998939782,0.045940999989397824,100,100,100,100,100,100,1,1,1,1,0,,0,0,0,0,Editor-Cmd actor microbenchmark
ellipsoid_proxy,100,1,5,35.14520000317134,0.3514520000317134,4.238400011672638,0.008476800023345277,0.49399999261368066,0.004939999926136807,0.000300002284348011,3.00002284348011e-06,4.166600003372878,0.04166600003372878,100,100,100,100,100,100,1,1,1,1,0,,0,0,0,0,Editor-Cmd actor microbenchmark
ellipsoid_proxy,100,2,5,34.67510000336915,0.3467510000336915,4.229600002872758,0.008459200005745515,0.49679999938234687,0.004967999993823469,0.000400003045797348,4.00003045797348e-06,4.456400012713857,0.04456400012713857,100,100,100,100,100,100,1,1,1,1,0,,0,0,0,0,Editor-Cmd actor microbenchmark
ellipsoid_proxy,100,3,5,34.861499996623024,0.34861499996623024,4.296500002965331,0.008593000005930662,0.5206999921938404,0.0052069999219384044,0.000500003807246685,5.00003807246685e-06,4.5343999954639,0.045343999954639,100,100,100,100,100,100,1,1,1,1,0,,0,0,0,0,Editor-Cmd actor microbenchmark
ellipsoid_proxy,100,4,5,34.56220000225585,0.3456220000225585,4.110299996682443,0.008220599993364885,0.5381000082707033,0.0053810000827070326,0.000500003807246685,5.00003807246685e-06,3.937799992854707,0.03937799992854707,100,100,100,100,100,100,1,1,1,1,0,,0,0,0,0,Editor-Cmd actor microbenchmark
ellipsoid_proxy,100,5,5,32.25119999842718,0.3225119999842718,4.4101999956183136,0.008820399991236627,0.4895000020042062,0.004895000020042062,0.000600004568696022,6.00004568696022e-06,3.000400000018999,0.03000400000018999,100,100,100,100,100,100,1,1,1,1,0,,0,0,0,0,Editor-Cmd actor microbenchmark
ellipsoid_proxy,100,6,5,23.29670000472106,0.2329670000472106,4.211599996779114,0.008423199993558228,0.5321000062394887,0.005321000062394887,0.000400003045797348,4.00003045797348e-06,4.043900000397116,0.04043900000397116,100,100,100,100,100,100,1,1,1,1,0,,0,0,0,0,Editor-Cmd actor microbenchmark
ellipsoid_proxy,100,7,5,23.473299996112473,0.23473299996112473,4.105699990759604,0.008211399981519207,0.5390000005718321,0.005390000005718321,0.0005999900167807937,5.999900167807937e-06,3.4198000066680834,0.034198000066680834,100,100,100,100,100,100,1,1,1,1,0,,0,0,0,0,Editor-Cmd actor microbenchmark
ellipsoid_proxy,100,8,5,30.08230001432821,0.3008230001432821,4.335700010415167,0.008671400020830333,0.535300001502037,0.0053530000150203705,0.000600004568696022,6.00004568696022e-06,4.62409999454394,0.0462409999454394,100,100,100,100,100,100,1,1,1,1,0,,0,0,0,0,Editor-Cmd actor microbenchmark
ellipsoid_proxy,100,9,5,41.79969998949673,0.4179969998949673,5.082899995613843,0.010165799991227686,0.6585999944945797,0.006585999944945797,0.000800006091594696,8.00006091594696e-06,5.223300002398901,0.05223300002398901,100,100,100,100,100,100,1,1,1,1,0,,0,0,0,0,Editor-Cmd actor microbenchmark
ellipsoid_proxy,250,0,5,106.22169999987818,0.42488679999951273,11.524899993673898,0.009219919994939119,1.3522000081138685,0.005408800032455474,0.000300002284348011,1.200009137392044e-06,12.60690001072362,0.05042760004289448,250,250,250,250,250,250,1,1,1,1,0,,0,0,0,0,Editor-Cmd actor microbenchmark
ellipsoid_proxy,250,1,5,82.30699998966884,0.32922799995867535,11.7541999934474,0.00940335999475792,1.389600001857616,0.005558400007430464,0.000400003045797348,1.600012183189392e-06,12.70999999542255,0.0508399999816902,250,250,250,250,250,250,1,1,1,1,0,,0,0,0,0,Editor-Cmd actor microbenchmark
ellipsoid_proxy,250,2,5,83.90959999815095,0.3356383999926038,11.230499992961995,0.008984399994369596,1.2790000037057325,0.00511600001482293,0.0004999892553314567,1.9999570213258266e-06,11.59360000747256,0.04637440002989024,250,250,250,250,250,250,1,1,1,1,0,,0,0,0,0,Editor-Cmd actor microbenchmark
ellipsoid_proxy,250,3,5,79.52339999610558,0.3180935999844223,11.66029999149032,0.009328239993192256,1.3980999938212335,0.005592399975284934,0.000400003045797348,1.600012183189392e-06,12.812999993911944,0.05125199997564778,250,250,250,250,250,250,1,1,1,1,0,,0,0,0,0,Editor-Cmd actor microbenchmark
ellipsoid_proxy,250,4,5,80.23219999449793,0.32092879997799173,11.474000013549812,0.00917920001083985,1.4062999980524182,0.005625199992209673,0.000400003045797348,1.600012183189392e-06,12.952599994605407,0.05181039997842163,250,250,250,250,250,250,1,1,1,1,0,,0,0,0,0,Editor-Cmd actor microbenchmark
ellipsoid_proxy,250,5,5,97.36109999357723,0.3894443999743089,12.01720000244677,0.009613760001957416,1.8283999961568043,0.007313599984627217,0.0021999876480549574,8.79995059221983e-06,12.819900002796203,0.05127960001118481,250,250,250,250,250,250,1,1,1,1,0,,0,0,0,0,Editor-Cmd actor microbenchmark
ellipsoid_proxy,250,6,5,98.65889999491628,0.39463559997966513,10.619699998642318,0.008495759998913855,1.214299991261214,0.004857199965044856,0.000600004568696022,2.400018274784088e-06,12.217199997394346,0.04886879998957738,250,250,250,250,250,250,1,1,1,1,0,,0,0,0,0,Editor-Cmd actor microbenchmark
ellipsoid_proxy,250,7,5,98.21799999917857,0.3928719999967143,11.078399998950772,0.008862719999160617,1.2786000006599352,0.005114400002639741,0.0005999900167807937,2.3999600671231747e-06,12.541000003693625,0.0501640000147745,250,250,250,250,250,250,1,1,1,1,0,,0,0,0,0,Editor-Cmd actor microbenchmark
ellipsoid_proxy,250,8,5,93.55479999794625,0.374219199991785,8.965600005467422,0.007172480004373938,0.8335000020451844,0.0033340000081807375,0.000600004568696022,2.400018274784088e-06,7.010899993474595,0.02804359997389838,250,250,250,250,250,250,1,1,1,1,0,,0,0,0,0,Editor-Cmd actor microbenchmark
ellipsoid_proxy,250,9,5,87.82410000276286,0.35129640001105145,11.028199995053,0.0088225599960424,1.271499990252778,0.005085999961011112,0.000600004568696022,2.400018274784088e-06,12.820300005842,0.051281200023368,250,250,250,250,250,250,1,1,1,1,0,,0,0,0,0,Editor-Cmd actor microbenchmark
ellipsoid_proxy,500,0,5,229.06399999919813,0.45812799999839626,21.711000008508563,0.008684400003403425,2.4493000091752037,0.0048986000183504075,0.000500003807246685,1.00000761449337e-06,25.65199999662582,0.05130399999325164,500,500,500,500,500,500,1,1,1,1,0,,0,0,0,0,Editor-Cmd actor microbenchmark
ellipsoid_proxy,500,1,5,220.0827000051504,0.4401654000103008,21.955699994578026,0.00878227999783121,2.4588999949628487,0.0049177999899256974,0.000500003807246685,1.00000761449337e-06,19.543000002158806,0.03908600000431761,500,500,500,500,500,500,1,1,1,1,0,,0,0,0,0,Editor-Cmd actor microbenchmark
ellipsoid_proxy,500,2,5,201.54519999050535,0.4030903999810107,21.33599999069702,0.008534399996278808,2.3882999958004802,0.0047765999916009605,0.000500003807246685,1.00000761449337e-06,26.37700000195764,0.05275400000391528,500,500,500,500,500,500,1,1,1,1,0,,0,0,0,0,Editor-Cmd actor microbenchmark
ellipsoid_proxy,500,3,5,211.60690000397153,0.42321380000794306,21.25289999821689,0.008501159999286755,2.3680000012973323,0.004736000002594665,0.000600004568696022,1.200009137392044e-06,26.70370000123512,0.05340740000247024,500,500,500,500,500,500,1,1,1,1,0,,0,0,0,0,Editor-Cmd actor microbenchmark
ellipsoid_proxy,500,4,5,209.71940000890754,0.4194388000178151,21.416300005512312,0.008566520002204925,2.490300001227297,0.004980600002454594,0.000500003807246685,1.00000761449337e-06,27.091800002381206,0.05418360000476241,500,500,500,500,500,500,1,1,1,1,0,,0,0,0,0,Editor-Cmd actor microbenchmark
ellipsoid_proxy,500,5,5,225.9189000033075,0.451837800006615,21.349900009226985,0.008539960003690793,2.368500005104579,0.004737000010209158,0.000500003807246685,1.00000761449337e-06,24.37679999275133,0.04875359998550266,500,500,500,500,500,500,1,1,1,1,0,,0,0,0,0,Editor-Cmd actor microbenchmark
ellipsoid_proxy,500,6,5,218.72480001184158,0.43744960002368316,21.25720000185538,0.008502880000742152,2.347900008317083,0.004695800016634166,0.000500003807246685,1.00000761449337e-06,28.049600005033426,0.05609920001006685,500,500,500,500,500,500,1,1,1,1,0,,0,0,0,0,Editor-Cmd actor microbenchmark
ellipsoid_proxy,500,7,5,205.66809999581892,0.41133619999163784,21.400900004664436,0.008560360001865774,2.40979999944102,0.00481959999888204,0.000600004568696022,1.200009137392044e-06,28.589599998667836,0.05717919999733567,500,500,500,500,500,500,1,1,1,1,0,,0,0,0,0,Editor-Cmd actor microbenchmark
ellipsoid_proxy,500,8,5,233.6559999966994,0.4673119999933988,21.594899997580796,0.00863795999903232,2.4508999922545627,0.004901799984509125,0.000600004568696022,1.200009137392044e-06,29.025100011494942,0.058050200022989884,500,500,500,500,500,500,1,1,1,1,0,,0,0,0,0,Editor-Cmd actor microbenchmark
ellipsoid_proxy,500,9,5,196.56060000124853,0.39312120000249706,17.385500003001653,0.006954200001200661,2.7669999981299043,0.0055339999962598085,0.0006999907782301307,1.3999815564602613e-06,29.600800000480376,0.05920160000096075,500,500,500,500,500,500,1,1,1,1,0,,0,0,0,0,Editor-Cmd actor microbenchmark
legacy_semantic_proxy,10,0,5,9.805800000322051,0.9805800000322051,0.8625000045867637,0.017250000091735274,0.1750999945215881,0.01750999945215881,0.000300002284348011,3.00002284348011e-05,1.0368000075686723,0.10368000075686723,10,60,60,60,60,60,1,1,1,1,0,,0,0,0,0,Editor-Cmd actor microbenchmark
legacy_semantic_proxy,10,1,5,6.698599987430498,0.6698599987430498,0.8831000013742596,0.017662000027485192,0.16160000814124942,0.016160000814124942,0.000300002284348011,3.00002284348011e-05,1.0101000079885125,0.10101000079885125,10,60,60,60,60,60,1,1,1,1,0,,0,0,0,0,Editor-Cmd actor microbenchmark
legacy_semantic_proxy,10,2,5,7.379000002401881,0.7379000002401881,0.8639000006951392,0.017278000013902783,0.16549999418202788,0.016549999418202788,0.000500003807246685,5.00003807246685e-05,1.0775999980978668,0.10775999980978668,10,60,60,60,60,60,1,1,1,1,0,,0,0,0,0,Editor-Cmd actor microbenchmark
legacy_semantic_proxy,10,3,5,6.805299999541603,0.6805299999541603,0.8120999991660938,0.016241999983321875,0.16209999739658087,0.016209999739658087,0.000500003807246685,5.00003807246685e-05,1.0209999891230837,0.10209999891230837,10,60,60,60,60,60,1,1,1,1,0,,0,0,0,0,Editor-Cmd actor microbenchmark
legacy_semantic_proxy,10,4,5,5.999099987093359,0.5999099987093359,0.6776999944122508,0.013553999888245016,0.16490000416524708,0.01649000041652471,0.000400003045797348,4.00003045797348e-05,1.0240999981760979,0.10240999981760979,10,60,60,60,60,60,1,1,1,1,0,,0,0,0,0,Editor-Cmd actor microbenchmark
legacy_semantic_proxy,10,5,5,5.97610000113491,0.597610000113491,0.7952000014483929,0.015904000028967857,0.16250000044237822,0.016250000044237822,0.000400003045797348,4.00003045797348e-05,1.043500000378117,0.1043500000378117,10,60,60,60,60,60,1,1,1,1,0,,0,0,0,0,Editor-Cmd actor microbenchmark
legacy_semantic_proxy,10,6,5,6.500100003904663,0.6500100003904663,0.7882999925641343,0.015765999851282686,0.16569999570492655,0.016569999570492655,0.000400003045797348,4.00003045797348e-05,1.1068000021623448,0.11068000021623448,10,60,60,60,60,60,1,1,1,1,0,,0,0,0,0,Editor-Cmd actor microbenchmark
legacy_semantic_proxy,10,7,5,6.110000002081506,0.6110000002081506,0.8087999885901809,0.016175999771803617,0.1697999978205189,0.01697999978205189,0.000300002284348011,3.00002284348011e-05,0.9855999960564077,0.09855999960564077,10,60,60,60,60,60,1,1,1,1,0,,0,0,0,0,Editor-Cmd actor microbenchmark
legacy_semantic_proxy,10,8,5,4.85149999440182,0.485149999440182,0.607599999057129,0.01215199998114258,0.16280000272672623,0.016280000272672623,0.000200001522898674,2.00001522898674e-05,1.0424000065540895,0.10424000065540895,10,60,60,60,60,60,1,1,1,1,0,,0,0,0,0,Editor-Cmd actor microbenchmark
legacy_semantic_proxy,10,9,5,4.417100004502572,0.4417100004502572,0.5402999959187582,0.010805999918375164,0.10179998935200274,0.010179998935200274,0.000100000761449337,1.00000761449337e-05,0.5336000031093135,0.053360000310931355,10,60,60,60,60,60,1,1,1,1,0,,0,0,0,0,Editor-Cmd actor microbenchmark
legacy_semantic_proxy,50,0,5,28.687399986665696,0.5737479997333139,3.820500001893379,0.015282000007573515,0.7172000041464344,0.014344000082928687,0.000500003807246685,1.00000761449337e-05,4.615799989551306,0.09231599979102612,50,218,218,218,218,218,1,1,1,1,0,,0,0,0,0,Editor-Cmd actor microbenchmark
legacy_semantic_proxy,50,1,5,30.656799994176254,0.6131359998835251,3.1350000062957406,0.012540000025182962,0.457499991171062,0.00914999982342124,0.000200001522898674,4.00003045797348e-06,4.56329999724403,0.0912659999448806,50,218,218,218,218,218,1,1,1,1,0,,0,0,0,0,Editor-Cmd actor microbenchmark
legacy_semantic_proxy,50,2,5,29.400400002487004,0.5880080000497401,3.4207999997306615,0.013683199998922646,0.6711000023642555,0.01342200004728511,0.00039998849388211966,7.999769877642393e-06,4.318000006605871,0.08636000013211742,50,218,218,218,218,218,1,1,1,1,0,,0,0,0,0,Editor-Cmd actor microbenchmark
legacy_semantic_proxy,50,3,5,23.916399994050153,0.47832799988100305,2.7716999902622774,0.01108679996104911,0.4521999944699928,0.009043999889399856,0.0004999892553314567,9.999785106629133e-06,2.8254000062588602,0.056508000125177205,50,218,218,218,218,218,1,1,1,1,0,,0,0,0,0,Editor-Cmd actor microbenchmark
legacy_semantic_proxy,50,4,5,26.121400005649775,0.5224280001129955,2.9229999927338213,0.011691999970935285,0.44010000419802964,0.008802000083960593,0.000300002284348011,6.00004568696022e-06,3.078800000366755,0.0615760000073351,50,218,218,218,218,218,1,1,1,1,0,,0,0,0,0,Editor-Cmd actor microbenchmark
legacy_semantic_proxy,50,5,5,25.90000000782311,0.5180000001564622,3.482400003122166,0.013929600012488663,0.6699000077787787,0.013398000155575573,0.000300002284348011,6.00004568696022e-06,4.278299995348789,0.08556599990697578,50,218,218,218,218,218,1,1,1,1,0,,0,0,0,0,Editor-Cmd actor microbenchmark
legacy_semantic_proxy,50,6,5,28.113499996834435,0.5622699999366887,3.6382999969646335,0.014553199987858534,0.6531999970320612,0.013063999940641224,0.000400003045797348,8.00006091594696e-06,3.983699993113987,0.07967399986227974,50,218,218,218,218,218,1,1,1,1,0,,0,0,0,0,Editor-Cmd actor microbenchmark
legacy_semantic_proxy,50,7,5,28.563500003656372,0.5712700000731274,3.866700004437007,0.015466800017748028,0.6870999932289124,0.013741999864578247,0.0004999892553314567,9.999785106629133e-06,4.547400007140823,0.09094800014281645,50,218,218,218,218,218,1,1,1,1,0,,0,0,0,0,Editor-Cmd actor microbenchmark
legacy_semantic_proxy,50,8,5,31.456800003070384,0.6291360000614077,3.7035999994259328,0.014814399997703731,0.6716000061715022,0.013432000123430043,0.000400003045797348,8.00006091594696e-06,4.531300000962801,0.09062600001925603,50,218,218,218,218,218,1,1,1,1,0,,0,0,0,0,Editor-Cmd actor microbenchmark
legacy_semantic_proxy,50,9,5,31.115000005229376,0.6223000001045875,2.82320000405889,0.01129280001623556,0.4862000059802085,0.00972400011960417,0.000200001522898674,4.00003045797348e-06,4.412499998579733,0.08824999997159466,50,218,218,218,218,218,1,1,1,1,0,,0,0,0,0,Editor-Cmd actor microbenchmark
legacy_semantic_proxy,100,0,5,60.09359999734443,0.6009359999734443,7.347599996137433,0.014695199992274866,1.3292999938130379,0.013292999938130379,0.000500003807246685,5.00003807246685e-06,8.992799994302914,0.08992799994302914,100,436,436,436,436,436,1,1,1,1,0,,0,0,0,0,Editor-Cmd actor microbenchmark
legacy_semantic_proxy,100,1,5,50.74969999259338,0.5074969999259338,6.6980999981751665,0.013396199996350333,1.1873999901581556,0.011873999901581556,0.000200001522898674,2.00001522898674e-06,7.48869999370072,0.0748869999370072,100,436,436,436,436,436,1,1,1,1,0,,0,0,0,0,Editor-Cmd actor microbenchmark
legacy_semantic_proxy,100,2,5,43.793100005132146,0.43793100005132146,4.869600001256913,0.009739200002513826,1.2500000011641532,0.012500000011641532,0.000400003045797348,4.00003045797348e-06,6.379500002367422,0.06379500002367422,100,436,436,436,436,436,1,1,1,1,0,,0,0,0,0,Editor-Cmd actor microbenchmark
legacy_semantic_proxy,100,3,5,50.09530000097584,0.5009530000097584,6.7411999916657805,0.013482399983331561,1.1915999930351973,0.011915999930351973,0.000300002284348011,3.00002284348011e-06,7.62060000852216,0.0762060000852216,100,436,436,436,436,436,1,1,1,1,0,,0,0,0,0,Editor-Cmd actor microbenchmark
legacy_semantic_proxy,100,4,5,42.45160000573378,0.4245160000573378,6.726899999193847,0.013453799998387694,1.2005000025965273,0.012005000025965273,0.000200001522898674,2.00001522898674e-06,7.584499995573424,0.07584499995573424,100,436,436,436,436,436,1,1,1,1,0,,0,0,0,0,Editor-Cmd actor microbenchmark
legacy_semantic_proxy,100,5,5,42.18260000925511,0.4218260000925511,6.76049999310635,0.0135209999862127,1.2030000070808455,0.012030000070808455,0.000200001522898674,2.00001522898674e-06,6.673900003079325,0.06673900003079325,100,436,436,436,436,436,1,1,1,1,0,,0,0,0,0,Editor-Cmd actor microbenchmark
legacy_semantic_proxy,100,6,5,51.056000011158176,0.5105600001115818,6.733400005032308,0.013466800010064617,1.3512999867089093,0.013512999867089093,0.000500003807246685,5.00003807246685e-06,9.379199997056276,0.09379199997056276,100,436,436,436,436,436,1,1,1,1,0,,0,0,0,0,Editor-Cmd actor microbenchmark
legacy_semantic_proxy,100,7,5,65.28589999652468,0.6528589999652468,7.309299995540641,0.014618599991081282,1.3344000035431236,0.013344000035431236,0.000400003045797348,4.00003045797348e-06,9.219300001859665,0.09219300001859665,100,436,436,436,436,436,1,1,1,1,0,,0,0,0,0,Editor-Cmd actor microbenchmark
legacy_semantic_proxy,100,8,5,60.82480000623036,0.6082480000623036,7.841500002541579,0.01568300000508316,1.3586999994004145,0.013586999994004145,0.000400003045797348,4.00003045797348e-06,9.222499997122213,0.09222499997122213,100,436,436,436,436,436,1,1,1,1,0,,0,0,0,0,Editor-Cmd actor microbenchmark
legacy_semantic_proxy,100,9,5,64.00090000533964,0.6400090000533964,7.242499996209517,0.014484999992419034,1.2098000006517395,0.012098000006517395,0.000300002284348011,3.00002284348011e-06,7.881599987740628,0.07881599987740628,100,436,436,436,436,436,1,1,1,1,0,,0,0,0,0,Editor-Cmd actor microbenchmark
legacy_semantic_proxy,250,0,5,161.51309999986552,0.6460523999994621,19.0732999908505,0.0152586399926804,3.3816999930422753,0.013526799972169101,0.000700005330145359,2.800021320581436e-06,23.657499987166375,0.0946299999486655,250,1090,1090,1090,1090,1090,1,1,1,1,0,,0,0,0,0,Editor-Cmd actor microbenchmark
legacy_semantic_proxy,250,1,5,159.9883999879239,0.6399535999516957,19.724999991012737,0.01577999999281019,3.376699998625554,0.013506799994502217,0.000500003807246685,2.00001522898674e-06,23.477199996705167,0.09390879998682067,250,1090,1090,1090,1090,1090,1,1,1,1,0,,0,0,0,0,Editor-Cmd actor microbenchmark
legacy_semantic_proxy,250,2,5,145.92149999225512,0.5836859999690205,18.68540000577923,0.014948320004623383,3.125699993688613,0.012502799974754453,0.0006999907782301307,2.7999631129205227e-06,18.26019999862183,0.07304079999448732,250,1090,1090,1090,1090,1090,1,1,1,1,0,,0,0,0,0,Editor-Cmd actor microbenchmark
legacy_semantic_proxy,250,3,5,142.676899995422,0.570707599981688,18.32970000396017,0.014663760003168136,3.417200001422316,0.013668800005689263,0.000400003045797348,1.600012183189392e-06,20.592499990016222,0.08236999996006489,250,1090,1090,1090,1090,1090,1,1,1,1,0,,0,0,0,0,Editor-Cmd actor microbenchmark
legacy_semantic_proxy,250,4,5,173.297300003469,0.693189200013876,19.331700008478947,0.015465360006783158,3.5961999965365976,0.01438479998614639,0.000500003807246685,2.00001522898674e-06,24.561899990658276,0.0982475999626331,250,1090,1090,1090,1090,1090,1,1,1,1,0,,0,0,0,0,Editor-Cmd actor microbenchmark
legacy_semantic_proxy,250,5,5,148.47410000220407,0.5938964000088163,18.822099998942576,0.01505767999915406,4.322300010244362,0.017289200040977448,0.0005999900167807937,2.3999600671231747e-06,24.430899997241795,0.09772359998896718,250,1090,1090,1090,1090,1090,1,1,1,1,0,,0,0,0,0,Editor-Cmd actor microbenchmark
legacy_semantic_proxy,250,6,5,168.7958999973489,0.6751835999893956,18.112500009010546,0.014490000007208436,3.7041000032331795,0.014816400012932718,0.000900006853044033,3.600027412176132e-06,20.745200003148057,0.08298080001259223,250,1090,1090,1090,1090,1090,1,1,1,1,0,,0,0,0,0,Editor-Cmd actor microbenchmark
legacy_semantic_proxy,250,7,5,129.48570000298787,0.5179428000119515,12.502899990067817,0.010002319992054254,2.9980999970575795,0.011992399988230318,0.0005999900167807937,2.3999600671231747e-06,21.66909999505151,0.08667639998020604,250,1090,1090,1090,1090,1090,1,1,1,1,0,,0,0,0,0,Editor-Cmd actor microbenchmark
legacy_semantic_proxy,250,8,5,164.96480000205338,0.6598592000082135,19.454099994618446,0.015563279995694757,3.3462999999755993,0.013385199999902397,0.000600004568696022,2.400018274784088e-06,24.817600002279505,0.09927040000911802,250,1090,1090,1090,1090,1090,1,1,1,1,0,,0,0,0,0,Editor-Cmd actor microbenchmark
legacy_semantic_proxy,250,9,5,171.6898000013316,0.6867592000053264,18.32950000243727,0.014663600001949818,3.052100000786595,0.01220840000314638,0.000300002284348011,1.200009137392044e-06,20.805899999686517,0.08322359999874607,250,1090,1090,1090,1090,1090,1,1,1,1,0,,0,0,0,0,Editor-Cmd actor microbenchmark
legacy_semantic_proxy,500,0,5,274.08079999440815,0.5481615999888163,39.90750000230037,0.015963000000920147,6.7229999986011535,0.013445999997202307,0.000500003807246685,1.00000761449337e-06,49.41279999911785,0.0988255999982357,500,2180,2180,2180,2180,2180,1,1,1,1,0,,0,0,0,0,Editor-Cmd actor microbenchmark
legacy_semantic_proxy,500,1,5,355.5805999931181,0.7111611999862362,42.53719998814631,0.017014879995258525,7.131100006517954,0.014262200013035908,0.0006999907782301307,1.3999815564602613e-06,51.22910000500269,0.10245820001000538,500,2180,2180,2180,2180,2180,1,1,1,1,0,,0,0,0,0,Editor-Cmd actor microbenchmark
legacy_semantic_proxy,500,2,5,327.08699999784585,0.6541739999956917,48.7381999992067,0.01949527999968268,8.334400001331232,0.016668800002662465,0.0009999930625781417,1.9999861251562834e-06,38.94159999617841,0.07788319999235682,500,2180,2180,2180,2180,2180,1,1,1,1,0,,0,0,0,0,Editor-Cmd actor microbenchmark
legacy_semantic_proxy,500,3,5,381.94979999389034,0.7638995999877807,47.660899988841265,0.019064359995536507,10.789499996462837,0.021578999992925674,0.0006999907782301307,1.3999815564602613e-06,58.42560000019148,0.11685120000038296,500,2180,2180,2180,2180,2180,1,1,1,1,0,,0,0,0,0,Editor-Cmd actor microbenchmark
legacy_semantic_proxy,500,4,5,364.2775000043912,0.7285550000087824,40.96080000454094,0.016384320001816378,6.784500001231208,0.013569000002462417,0.000600004568696022,1.200009137392044e-06,50.28870000387542,0.10057740000775084,500,2180,2180,2180,2180,2180,1,1,1,1,0,,0,0,0,0,Editor-Cmd actor microbenchmark
legacy_semantic_proxy,500,5,5,325.16219999524765,0.6503243999904953,39.65400000743102,0.01586160000297241,6.848299992270768,0.013696599984541535,0.0005999900167807937,1.1999800335615873e-06,46.36049999680836,0.09272099999361672,500,2180,2180,2180,2180,2180,1,1,1,1,0,,0,0,0,0,Editor-Cmd actor microbenchmark
legacy_semantic_proxy,500,6,5,327.60180000332184,0.6552036000066437,40.17710000334773,0.01607084000133909,12.746399996103719,0.025492799992207438,0.001500011421740055,3.00002284348011e-06,51.460400005453266,0.10292080001090653,500,2180,2180,2180,2180,2180,1,1,1,1,0,,0,0,0,0,Editor-Cmd actor microbenchmark
legacy_semantic_proxy,500,7,5,322.4661999993259,0.6449323999986518,43.58969999884721,0.017435879999538884,7.848900000681169,0.01569780000136234,0.000700005330145359,1.400010660290718e-06,49.9400999979116,0.0998801999958232,500,2180,2180,2180,2180,2180,1,1,1,1,0,,0,0,0,0,Editor-Cmd actor microbenchmark
legacy_semantic_proxy,500,8,5,412.51190000912175,0.8250238000182435,86.78209999925457,0.03471283999970183,15.264699992258102,0.030529399984516203,0.003100009053014219,6.200018106028438e-06,79.43240000167862,0.15886480000335723,500,2180,2180,2180,2180,2180,1,1,1,1,0,,0,0,0,0,Editor-Cmd actor microbenchmark
legacy_semantic_proxy,500,9,5,623.3437000046251,1.2466874000092503,110.78190000262111,0.044312760001048446,10.622800007695332,0.021245600015390664,0.0012999953469261527,2.5999906938523054e-06,62.8965999931097,0.1257931999862194,500,2180,2180,2180,2180,2180,1,1,1,1,0,,0,0,0,0,Editor-Cmd actor microbenchmark
sppa_desc,10,0,5,25.69969999603927,2.569969999603927,2.513400002499111,0.05026800004998222,0.6161000055726618,0.061610000557266176,0.16509999113623053,0.016509999113623053,2.0835000032093376,0.20835000032093376,10,110,110,110,110,110,1,1,1,1,56651,8040,0,0,0,0,Editor-Cmd actor microbenchmark
sppa_desc,10,1,5,12.890900005004369,1.2890900005004369,1.673599996138364,0.03347199992276728,0.36839999665971845,0.036839999665971845,0.10379999002907425,0.010379999002907425,1.524399995105341,0.1524399995105341,10,110,110,110,110,110,1,1,1,1,56651,8040,0,0,0,0,Editor-Cmd actor microbenchmark
sppa_desc,10,2,5,61.28180000814609,6.128180000814609,2.111599998897873,0.04223199997795746,0.5020000098738819,0.050200000987388194,0.12769999739248306,0.012769999739248306,1.931999999214895,0.1931999999214895,10,110,110,110,110,110,1,1,1,1,56651,8040,0,0,0,0,Editor-Cmd actor microbenchmark
sppa_desc,10,3,5,31.016400011139922,3.101640001113992,5.404700001236051,0.10809400002472103,0.5537999968510121,0.05537999968510121,0.14370000280905515,0.014370000280905515,2.155599999241531,0.2155599999241531,10,110,110,110,110,110,1,1,1,1,56651,8040,0,0,0,0,Editor-Cmd actor microbenchmark
sppa_desc,10,4,5,15.5086000013398,1.55086000013398,1.4436000055866316,0.028872000111732632,0.3299999953014776,0.03299999953014776,0.09649999265093356,0.009649999265093356,1.5236000035656616,0.15236000035656616,10,110,110,110,110,110,1,1,1,1,56651,8040,0,0,0,0,Editor-Cmd actor microbenchmark
sppa_desc,10,5,5,15.327699991757981,1.5327699991757981,1.591100008226931,0.03182200016453862,0.41969999438151717,0.04196999943815172,0.1033000007737428,0.01033000007737428,1.688000003923662,0.1688000003923662,10,110,110,110,110,110,1,1,1,1,56651,8040,0,0,0,0,Editor-Cmd actor microbenchmark
sppa_desc,10,6,5,17.833599995356053,1.7833599995356053,1.9647000008262694,0.03929400001652539,0.4724999889731407,0.04724999889731407,0.09789998875930905,0.009789998875930905,2.0118999964324757,0.20118999964324757,10,110,110,110,110,110,1,1,1,1,56651,8040,0,0,0,0,Editor-Cmd actor microbenchmark
sppa_desc,10,7,5,51.91249999916181,5.191249999916181,5.7434999907854944,0.11486999981570989,0.47559999802615494,0.047559999802615494,0.09729999874252826,0.009729999874252826,1.8650999991223216,0.18650999991223216,10,110,110,110,110,110,1,1,1,1,56651,8040,0,0,0,0,Editor-Cmd actor microbenchmark
sppa_desc,10,8,5,39.895699999760836,3.9895699999760836,1.9866999937221408,0.039733999874442816,0.34550001146271825,0.034550001146271825,0.1453000004403293,0.014530000044032931,1.6352999955415726,0.16352999955415726,10,110,110,110,110,110,1,1,1,1,56651,8040,0,0,0,0,Editor-Cmd actor microbenchmark
sppa_desc,10,9,5,33.82680000504479,3.382680000504479,1.9309000053908676,0.03861800010781735,0.47679999261163175,0.047679999261163175,0.1137000072048977,0.01137000072048977,2.2723000001860783,0.22723000001860783,10,110,110,110,110,110,1,1,1,1,56651,8040,0,0,0,0,Editor-Cmd actor microbenchmark
sppa_desc,50,0,5,41.48929999792017,0.8297859999584034,5.887999999686144,0.023551999998744577,1.3426000077743083,0.026852000155486166,0.4344000044511631,0.008688000089023262,5.179199986741878,0.10358399973483756,50,268,268,268,268,268,1,1,1,1,237482,11648,0,0,0,0,Editor-Cmd actor microbenchmark
sppa_desc,50,1,5,39.87349999079015,0.797469999815803,6.498900009319186,0.025995600037276745,1.578199997311458,0.03156399994622916,0.4828999954042956,0.009657999908085912,4.0640999941388145,0.08128199988277629,50,268,268,268,268,268,1,1,1,1,237482,11648,0,0,0,0,Editor-Cmd actor microbenchmark
sppa_desc,50,2,5,38.26280000794213,0.7652560001588427,6.6202999878441915,0.026481199951376766,0.970599998254329,0.01941199996508658,0.4470999992918223,0.008941999985836446,4.861599998548627,0.09723199997097254,50,268,268,268,268,268,1,1,1,1,237482,11648,0,0,0,0,Editor-Cmd actor microbenchmark
sppa_desc,50,3,5,41.59939999226481,0.8319879998452961,7.304599988856353,0.02921839995542541,1.6804000042611733,0.033608000085223466,0.4763000033563003,0.009526000067126006,4.5824000117136165,0.09164800023427233,50,268,268,268,268,268,1,1,1,1,237482,11648,0,0,0,0,Editor-Cmd actor microbenchmark
sppa_desc,50,4,5,36.15079999144655,0.7230159998289309,5.881800010683946,0.023527200042735785,1.291199994739145,0.0258239998947829,0.4237000102875754,0.008474000205751508,4.822699993383139,0.09645399986766279,50,268,268,268,268,268,1,1,1,1,237482,11648,0,0,0,0,Editor-Cmd actor microbenchmark
sppa_desc,50,5,5,35.6993000023067,0.713986000046134,5.951599989202805,0.02380639995681122,1.2700999941444024,0.02540199988288805,0.4230999911669642,0.008461999823339283,4.948100002366118,0.09896200004732236,50,268,268,268,268,268,1,1,1,1,237482,11648,0,0,0,0,Editor-Cmd actor microbenchmark
sppa_desc,50,6,5,36.80919999897014,0.7361839999794029,5.786599998828024,0.023146399995312095,1.2627999967662618,0.025255999935325235,0.42100000428035855,0.008420000085607171,5.074400003650226,0.10148800007300451,50,268,268,268,268,268,1,1,1,1,237482,11648,0,0,0,0,Editor-Cmd actor microbenchmark
sppa_desc,50,7,5,47.25630000757519,0.9451260001515038,7.3564000049373135,0.029425600019749254,1.6657000087434426,0.03331400017486885,0.4954000032739714,0.009908000065479428,5.979100009426475,0.11958200018852949,50,268,268,268,268,268,1,1,1,1,237482,11648,0,0,0,0,Editor-Cmd actor microbenchmark
sppa_desc,50,8,5,47.08649999520276,0.9417299999040551,7.451299999956973,0.02980519999982789,1.6230000037467107,0.032460000074934214,0.5183000030228868,0.010366000060457736,6.035899990820326,0.12071799981640652,50,268,268,268,268,268,1,1,1,1,237482,11648,0,0,0,0,Editor-Cmd actor microbenchmark
sppa_desc,50,9,5,46.38040000281762,0.9276080000563525,7.467899995390326,0.029871599981561303,1.6277999966405332,0.032555999932810664,0.494699997943826,0.00989399995887652,6.067299997084774,0.12134599994169548,50,268,268,268,268,268,1,1,1,1,237482,11648,0,0,0,0,Editor-Cmd actor microbenchmark
sppa_desc,100,0,5,97.94580000743736,0.9794580000743736,15.697900002123788,0.031395800004247576,3.3798999938881025,0.033798999938881025,0.9855999960564077,0.009855999960564077,12.331599995377474,0.12331599995377474,100,536,536,536,536,536,1,1,1,1,474964,23296,0,0,0,0,Editor-Cmd actor microbenchmark
sppa_desc,100,1,5,96.88610000011977,0.9688610000011977,12.647399998968467,0.025294799997936934,3.108699995209463,0.03108699995209463,0.9901000012177974,0.009901000012177974,11.423700008890592,0.11423700008890592,100,536,536,536,536,536,1,1,1,1,474964,23296,0,0,0,0,Editor-Cmd actor microbenchmark
sppa_desc,100,2,5,86.26850000291597,0.8626850000291597,14.339100001961924,0.02867820000392385,3.2506999996257946,0.032506999996257946,0.9845000022323802,0.009845000022323802,11.529399998835288,0.11529399998835288,100,536,536,536,536,536,1,1,1,1,474964,23296,0,0,0,0,Editor-Cmd actor microbenchmark
sppa_desc,100,3,5,95.68480000598356,0.9568480000598356,14.066000003367662,0.028132000006735325,3.1739999976707622,0.03173999997670762,0.9760999964782968,0.009760999964782968,11.71279999834951,0.1171279999834951,100,536,536,536,536,536,1,1,1,1,474964,23296,0,0,0,0,Editor-Cmd actor microbenchmark
sppa_desc,100,4,5,95.66950000589713,0.9566950000589713,13.890300004277378,0.027780600008554757,3.08690000383649,0.030869000038364902,0.9697999921627343,0.009697999921627343,11.255599994910881,0.11255599994910881,100,536,536,536,536,536,1,1,1,1,474964,23296,0,0,0,0,Editor-Cmd actor microbenchmark
sppa_desc,100,5,5,95.1814000000013,0.951814000000013,13.869500005966984,0.027739000011933967,3.0885000014677644,0.030885000014677644,0.9685000113677233,0.009685000113677233,12.211000008392148,0.12211000008392148,100,536,536,536,536,536,1,1,1,1,474964,23296,0,0,0,0,Editor-Cmd actor microbenchmark
sppa_desc,100,6,5,95.87199999077711,0.9587199999077711,13.81079999555368,0.02762159999110736,3.105900002992712,0.03105900002992712,0.9820999985095114,0.009820999985095114,11.150499994982965,0.11150499994982965,100,536,536,536,536,536,1,1,1,1,474964,23296,0,0,0,0,Editor-Cmd actor microbenchmark
sppa_desc,100,7,5,95.79360000498127,0.9579360000498127,13.99219999439083,0.02798439998878166,3.108999997493811,0.03108999997493811,0.9643000084906816,0.009643000084906816,11.468500000773929,0.11468500000773929,100,536,536,536,536,536,1,1,1,1,474964,23296,0,0,0,0,Editor-Cmd actor microbenchmark
sppa_desc,100,8,5,96.23519999149721,0.9623519999149721,13.832399999955669,0.027664799999911338,3.082299997913651,0.03082299997913651,0.9891999943647534,0.009891999943647534,11.771600009524263,0.11771600009524263,100,536,536,536,536,536,1,1,1,1,474964,23296,0,0,0,0,Editor-Cmd actor microbenchmark
sppa_desc,100,9,5,92.35370000533294,0.9235370000533294,9.895299997879192,0.019790599995758384,2.288200004841201,0.02288200004841201,0.6010000070091337,0.006010000070091337,7.5890000007348135,0.07589000000734814,100,536,536,536,536,536,1,1,1,1,474964,23296,0,0,0,0,Editor-Cmd actor microbenchmark
sppa_desc,250,0,5,242.50259999826085,0.9700103999930434,40.918800004874356,0.032735040003899485,9.029299995745532,0.03611719998298213,2.6932999899145216,0.010773199959658086,29.50639999471605,0.11802559997886419,250,1340,1340,1340,1340,1340,1,1,1,1,1187436,58240,0,0,0,0,Editor-Cmd actor microbenchmark
sppa_desc,250,1,5,274.80429998831823,1.099217199953273,42.923599990899675,0.03433887999271974,9.018400000059046,0.03607360000023618,2.9352999990805984,0.011741199996322393,33.334100007778034,0.13333640003111213,250,1340,1340,1340,1340,1340,1,1,1,1,1187436,58240,0,0,0,0,Editor-Cmd actor microbenchmark
sppa_desc,250,2,5,254.96510000084527,1.019860400003381,34.60529999574646,0.027684239996597172,7.50950000656303,0.03003800002625212,2.48019999708049,0.00992079998832196,30.476400002953596,0.12190560001181439,250,1340,1340,1340,1340,1340,1,1,1,1,1187436,58240,0,0,0,0,Editor-Cmd actor microbenchmark
sppa_desc,250,3,5,244.0264000033494,0.9761056000133976,32.76020000339486,0.026208160002715884,5.695200001355261,0.022780800005421042,2.4114999978337437,0.009645999991334975,29.850699997041374,0.1194027999881655,250,1340,1340,1340,1340,1340,1,1,1,1,1187436,58240,0,0,0,0,Editor-Cmd actor microbenchmark
sppa_desc,250,4,5,246.73140000959393,0.9869256000383757,35.41139999288134,0.028329119994305076,7.787599999574013,0.031150399998296052,2.4357999936910346,0.009743199974764138,29.668700008187443,0.11867480003274977,250,1340,1340,1340,1340,1340,1,1,1,1,1187436,58240,0,0,0,0,Editor-Cmd actor microbenchmark
sppa_desc,250,5,5,233.4569999948144,0.9338279999792576,33.24040000734385,0.02659232000587508,7.7129999990575016,0.030851999996230006,2.3904999980004504,0.009561999992001802,29.873999999836087,0.11949599999934435,250,1340,1340,1340,1340,1340,1,1,1,1,1187436,58240,0,0,0,0,Editor-Cmd actor microbenchmark
sppa_desc,250,6,5,236.49660000228323,0.9459864000091329,34.5173999958206,0.027613919996656477,6.837900000391528,0.027351600001566112,2.089799992972985,0.00835919997189194,24.325399994268082,0.09730159997707233,250,1340,1340,1340,1340,1340,1,1,1,1,1187436,58240,0,0,0,0,Editor-Cmd actor microbenchmark
sppa_desc,250,7,5,186.05689999822062,0.7442275999928825,34.393800000543706,0.027515040000434966,7.44440000562463,0.029777600022498518,2.161800002795644,0.008647200011182576,24.454500002320856,0.09781800000928342,250,1340,1340,1340,1340,1340,1,1,1,1,1187436,58240,0,0,0,0,Editor-Cmd actor microbenchmark
sppa_desc,250,8,5,184.9554999935208,0.7398219999740832,31.442599996807985,0.02515407999744639,6.625000009080395,0.02650000003632158,2.0824999955948442,0.008329999982379377,25.631399999838322,0.10252559999935329,250,1340,1340,1340,1340,1340,1,1,1,1,1187436,58240,0,0,0,0,Editor-Cmd actor microbenchmark
sppa_desc,250,9,5,181.34619999909773,0.7253847999963909,33.4047000069404,0.02672376000555232,7.4145999969914556,0.029658399987965822,2.1421999990707263,0.008568799996282905,26.784699992276728,0.10713879996910691,250,1340,1340,1340,1340,1340,1,1,1,1,1187436,58240,0,0,0,0,Editor-Cmd actor microbenchmark
sppa_desc,500,0,5,443.6022000008961,0.8872044000017922,73.79719999153167,0.02951887999661267,12.982000000192784,0.025964000000385568,3.3380000095348805,0.006676000019069761,49.72890000499319,0.09945780000998639,500,2680,2680,2680,2680,2680,1,1,1,1,2374872,116480,0,0,0,0,Editor-Cmd actor microbenchmark
sppa_desc,500,1,5,506.5484000078868,1.0130968000157736,72.11510000342969,0.028846040001371875,16.866800011484884,0.03373360002296977,4.808300000149757,0.009616600000299513,61.9447999924887,0.1238895999849774,500,2680,2680,2680,2680,2680,1,1,1,1,2374872,116480,0,0,0,0,Editor-Cmd actor microbenchmark
sppa_desc,500,2,5,519.6785000007367,1.0393570000014734,71.59770000725985,0.02863908000290394,15.022399995359592,0.030044799990719184,4.777900001499802,0.009555800002999604,60.04969999776222,0.12009939999552444,500,2680,2680,2680,2680,2680,1,1,1,1,2374872,116480,0,0,0,0,Editor-Cmd actor microbenchmark
sppa_desc,500,3,5,531.3374999968801,1.0626749999937601,80.44540000264533,0.03217816000105813,17.07979998900555,0.0341595999780111,4.939999998896383,0.009879999997792765,60.6738999922527,0.1213477999845054,500,2680,2680,2680,2680,2680,1,1,1,1,2374872,116480,0,0,0,0,Editor-Cmd actor microbenchmark
sppa_desc,500,4,5,506.4098000002559,1.0128196000005119,77.11170001130085,0.030844680004520342,19.23249999526888,0.03846499999053776,3.2373000140069053,0.0064746000280138105,58.823600003961474,0.11764720000792295,500,2680,2680,2680,2680,2680,1,1,1,1,2374872,116480,0,0,0,0,Editor-Cmd actor microbenchmark
sppa_desc,500,5,5,488.6750000005122,0.9773500000010245,72.98189999710303,0.02919275999884121,17.014400000334717,0.034028800000669435,4.874200007179752,0.009748400014359504,64.59549999271985,0.1291909999854397,500,2680,2680,2680,2680,2680,1,1,1,1,2374872,116480,0,0,0,0,Editor-Cmd actor microbenchmark
sppa_desc,500,6,5,518.3436999941478,1.0366873999882955,78.03489999787416,0.031213959999149665,17.575200006831437,0.035150400013662875,4.85599999956321,0.00971199999912642,51.67119999532588,0.10334239999065176,500,2680,2680,2680,2680,2680,1,1,1,1,2374872,116480,0,0,0,0,Editor-Cmd actor microbenchmark
sppa_desc,500,7,5,527.24360000866,1.05448720001732,73.66959999490064,0.029467839997960255,15.684099998907186,0.03136819999781437,4.814200001419522,0.009628400002839044,47.554199991282076,0.09510839998256415,500,2680,2680,2680,2680,2680,1,1,1,1,2374872,116480,0,0,0,0,Editor-Cmd actor microbenchmark
sppa_desc,500,8,5,527.2166000067955,1.054433200013591,71.24749998911284,0.028498999995645136,15.228399992338382,0.030456799984676763,4.837999993469566,0.009675999986939132,63.41810000594705,0.1268362000118941,500,2680,2680,2680,2680,2680,1,1,1,1,2374872,116480,0,0,0,0,Editor-Cmd actor microbenchmark
sppa_desc,500,9,5,517.7658000029624,1.0355316000059247,71.69050000084098,0.028676200000336393,18.290699998033233,0.036581399996066466,4.802299998118542,0.009604599996237084,61.77190000016708,0.12354380000033416,500,2680,2680,2680,2680,2680,1,1,1,1,2374872,116480,0,0,0,0,Editor-Cmd actor microbenchmark
